ch_name,std_ch_name,std_ch_type
25,25,EEG
26,26,EEG
27,27,EEG
65,65,EEG-OTHER
84,84,EEG-OTHER
85,85,EEG-OTHER
110,110,EEG-OTHER
111,111,EEG-OTHER
AccelerX,AccelerX,MOTION
AccelerY,AccelerY,MOTION
AccelerZ,AccelerZ,MOTION
ADM,ADM,EMG
Af3,AF3,EEG
Af4,AF4,EEG
Af7,AF7,EEG
Af8,AF8,EEG
APB,APB,EMG
avgVEOG,avgVEOG,EOG
Back_acc_x,Back_acc_x,MOTION
Back_acc_y,Back_acc_y,MOTION
Back_acc_z,Back_acc_z,MOTION
Back_gyro_x,Back_gyro_x,MOTION
Back_gyro_y,Back_gyro_y,MOTION
Back_gyro_z,Back_gyro_z,MOTION
Back_mag_x,Back_mag_x,MOTION
Back_mag_y,Back_mag_y,MOTION
Back_mag_z,Back_mag_z,MOTION
Back_ori_s,Back_ori_s,MOTION
Back_ori_x,Back_ori_x,MOTION
Back_ori_y,Back_ori_y,MOTION
Back_ori_z,Back_ori_z,MOTION
BallMachine_Acc_X(g),BallMachine_Acc_X(g),MOTION
BallMachine_Acc_Y(g),BallMachine_Acc_Y(g),MOTION
BallMachine_Acc_Z(g),BallMachine_Acc_Z(g),MOTION
Biceps,Biceps,EMG
BIP10,BIP10,EEG-OTHER
BIP11,BIP11,EEG-OTHER
BIP12,BIP12,EEG-OTHER
BIP3,BIP3,EEG-OTHER
BIP7,BIP7,EEG-OTHER
BIP8,BIP8,EEG-OTHER
BIP9,BIP9,EEG-OTHER
BrainVision RDA_AF3,AF3,EEG
BrainVision RDA_AF4,AF4,EEG
BrainVision RDA_AF7,AF7,EEG
BrainVision RDA_AF8,AF8,EEG
BrainVision RDA_AFz,AFz,EEG
BrainVision RDA_C1,C1,EEG
BrainVision RDA_C2,C2,EEG
BrainVision RDA_C3,C3,EEG
BrainVision RDA_C4,C4,EEG
BrainVision RDA_C5,C5,EEG
BrainVision RDA_C6,C6,EEG
BrainVision RDA_CP1,CP1,EEG
BrainVision RDA_CP2,CP2,EEG
BrainVision RDA_CP3,CP3,EEG
BrainVision RDA_CP4,CP4,EEG
BrainVision RDA_CP5,CP5,EEG
BrainVision RDA_CP6,CP6,EEG
BrainVision RDA_CPz,CPz,EEG
BrainVision RDA_Cz,Cz,EEG
BrainVision RDA_F1,F1,EEG
BrainVision RDA_F2,F2,EEG
BrainVision RDA_F3,F3,EEG
BrainVision RDA_F4,F4,EEG
BrainVision RDA_F5,F5,EEG
BrainVision RDA_F6,F6,EEG
BrainVision RDA_F7,F7,EEG
BrainVision RDA_F8,F8,EEG
BrainVision RDA_FC1,FC1,EEG
BrainVision RDA_FC2,FC2,EEG
BrainVision RDA_FC3,FC3,EEG
BrainVision RDA_FC4,FC4,EEG
BrainVision RDA_FC5,FC5,EEG
BrainVision RDA_FC6,FC6,EEG
BrainVision RDA_Fp1,Fp1,EEG
BrainVision RDA_Fp2,Fp2,EEG
BrainVision RDA_FT10,FT10,EEG
BrainVision RDA_FT7,FT7,EEG
BrainVision RDA_FT8,FT8,EEG
BrainVision RDA_FT9,FT9,EEG
BrainVision RDA_Fz,Fz,EEG
BrainVision RDA_O1,O1,EEG
BrainVision RDA_O2,O2,EEG
BrainVision RDA_Oz,Oz,EEG
BrainVision RDA_P1,P1,EEG
BrainVision RDA_P2,P2,EEG
BrainVision RDA_P3,P3,EEG
BrainVision RDA_P4,P4,EEG
BrainVision RDA_P5,P5,EEG
BrainVision RDA_P6,P6,EEG
BrainVision RDA_P7,P7,EEG
BrainVision RDA_P8,P8,EEG
BrainVision RDA_PO3,PO3,EEG
BrainVision RDA_PO4,PO4,EEG
BrainVision RDA_PO7,PO7,EEG
BrainVision RDA_PO8,PO8,EEG
BrainVision RDA_POz,POz,EEG
BrainVision RDA_Pz,Pz,EEG
BrainVision RDA_T7,T7,EEG
BrainVision RDA_T8,T8,EEG
BrainVision RDA_TP10,TP10,EEG
BrainVision RDA_TP7,TP7,EEG
BrainVision RDA_TP8,TP8,EEG
BrainVision RDA_TP9,TP9,EEG
BrainVision RDA_VEOG,VEOG,EOG
BTEleft SD,BTEleft SD,STIMULUS
BTEright SD,BTEright SD,STIMULUS
C101,C101,EEG-OTHER
C102,C102,EEG-OTHER
C113,C113,EEG-OTHER
C114,C114,EEG-OTHER
C11z,C11z,EEG-OTHER
C121,C121,EEG-OTHER
C122,C122,EEG-OTHER
C13z,C13z,EEG-OTHER
C1z,C1z,EEG-OTHER
C3-C4,C3-C4,EEG-OTHER
C3-Cz,C3-Cz,EEG-OTHER
C3-erb R,C3-erb R,EEG-OTHER
C3-Erb R,C3-Erb R,EEG-OTHER
C3-Fz,C3-Fz,EEG-OTHER
C3:A2,C3:A2,EEG-OTHER
C3:M2,C3:M2,EEG-OTHER
C33,C33,EEG-OTHER
C34,C34,EEG-OTHER
C3z,C3z,EEG-OTHER
C4-Cz,C4-Cz,EEG-OTHER
C4-Erb L,C4-Erb L,EEG-OTHER
C4-erb L,C4-erb L,EEG-OTHER
C4-Fz,C4-Fz,EEG-OTHER
C4:A1,C4:A1,EEG-OTHER
C4:M1,C4:M1,EEG-OTHER
C41,C41,EEG-OTHER
C42,C42,EEG-OTHER
C53,C53,EEG-OTHER
C54,C54,EEG-OTHER
C57,C57,EEG-OTHER
C58,C58,EEG-OTHER
C5z,C5z,EEG-OTHER
C61,C61,EEG-OTHER
C62,C62,EEG-OTHER
C73,C73,EEG-OTHER
C74,C74,EEG-OTHER
C7z,C7z,EEG-OTHER
C81,C81,EEG-OTHER
C82,C82,EEG-OTHER
C93,C93,EEG-OTHER
C94,C94,EEG-OTHER
C97,C97,EEG-OTHER
C98,C98,EEG-OTHER
C9z,C9z,EEG-OTHER
CA1,CA1,EEG-OTHER
CA2,CA2,EEG-OTHER
CA3,CA3,EEG-OTHER
"CB1""",Cb1'',EEG
"CB2""",Cb2'',EEG
ch1,ch1,RM
Chest_acc_x,Chest_acc_x,MOTION
Chest_acc_y,Chest_acc_y,MOTION
Chest_acc_z,Chest_acc_z,MOTION
Chest_gyro_x,Chest_gyro_x,MOTION
Chest_gyro_y,Chest_gyro_y,MOTION
Chest_gyro_z,Chest_gyro_z,MOTION
Chest_mag_x,Chest_mag_x,MOTION
Chest_mag_y,Chest_mag_y,MOTION
Chest_mag_z,Chest_mag_z,MOTION
Chest_ori_s,Chest_ori_s,MOTION
Chest_ori_x,Chest_ori_x,MOTION
Chest_ori_y,Chest_ori_y,MOTION
Chest_ori_z,Chest_ori_z,MOTION
CHIN12,CHIN12,EMG
Cp1,CP1,EEG
Cp2,CP2,EEG
Cp3,CP3,EEG
Cp4,CP4,EEG
Cp5,CP5,EEG
Cp6,CP6,EEG
CPPz,CPPz,EEG
Cpz,CPz,EEG
CROSStop SD,CROSStop SD,STIMULUS
CS1,CS1,RM
CWL1,CWL1,MISC
CWL2,CWL2,MISC
CWL3,CWL3,MISC
CWL4,CWL4,MISC
Cz-Fz,Cz-Fz,EEG-OTHER
Cz2,Cz2,EEG-OTHER
DC1,DC1,MISC
DC2,DC2,MISC
DC3,DC3,MISC
DC4,DC4,MISC
DEF,DEF,MISC
DIF2,DIF2,MISC
DIF3,DIF3,MISC
DIF4,DIF4,MISC
E01,E1,EEG
E02,E2,EEG
E03,E3,EEG
E04,E4,EEG
E05,E5,EEG
E06,E6,EEG
E07,E7,EEG
E08,E8,EEG
E1:M2,E1:M2,EEG-OTHER
E2:M1,E2:M1,EEG-OTHER
ECG II,ECG II,ECG
ECG1,ECG1,ECG
ECG2,ECG2,ECG
ECR,ECR,EMG
EDC,EDC,EMG
EEG 000,EEG000,EEG-OTHER
EEG 001,EEG001,EEG
EEG 002,EEG002,EEG
EEG 003,EEG003,EEG
EEG 004,EEG004,EEG
EEG 005,EEG005,EEG
EEG 006,EEG006,EEG
EEG 007,EEG007,EEG
EEG 008,EEG008,EEG
EEG 009,EEG009,EEG
EEG 010,EEG010,EEG
EEG 011,EEG011,EEG
EEG 012,EEG012,EEG
EEG 013,EEG013,EEG
EEG 014,EEG014,EEG
EEG 015,EEG015,EEG
EEG 016,EEG016,EEG
EEG 017,EEG017,EEG
EEG 018,EEG018,EEG
EEG 019,EEG019,EEG
EEG 020,EEG020,EEG
EEG 021,EEG021,EEG
EEG 022,EEG022,EEG
EEG 023,EEG023,EEG
EEG 024,EEG024,EEG
EEG 025,EEG025,EEG
EEG 026,EEG026,EEG
EEG 027,EEG027,EEG
EEG 028,EEG028,EEG
EEG 029,EEG029,EEG
EEG 030,EEG030,EEG
EEG 031,EEG031,EEG
EEG 032,EEG032,EEG
EEG 033,EEG033,EEG
EEG 034,EEG034,EEG
EEG 035,EEG035,EEG
EEG 036,EEG036,EEG
EEG 037,EEG037,EEG
EEG 038,EEG038,EEG
EEG 039,EEG039,EEG
EEG 040,EEG040,EEG
EEG 041,EEG041,EEG
EEG 042,EEG042,EEG
EEG 043,EEG043,EEG
EEG 044,EEG044,EEG
EEG 045,EEG045,EEG
EEG 046,EEG046,EEG
EEG 047,EEG047,EEG
EEG 048,EEG048,EEG
EEG 049,EEG049,EEG
EEG 050,EEG050,EEG
EEG 051,EEG051,EEG
EEG 052,EEG052,EEG
EEG 053,EEG053,EEG
EEG 054,EEG054,EEG
EEG 055,EEG055,EEG
EEG 056,EEG056,EEG
EEG 057,EEG057,EEG
EEG 058,EEG058,EEG
EEG 059,EEG059,EEG
EEG 060,EEG060,EEG
EEG 061,EEG061,EEG-OTHER
EEG 062,EEG062,EEG-OTHER
EEG 063,EEG063,EEG-OTHER
EEG 064,EEG064,EEG-OTHER
EEG 065,EEG065,EEG
EEG 066,EEG066,EEG
EEG 067,EEG067,EEG
EEG C3-A1A2,C3,EEG
EEG C4-A1A2,C4,EEG
EEG Cz-A1A2,Cz,EEG
EEG F3-A1A2,F3,EEG
EEG F4-A1A2,F4,EEG
EEG F7-A1A2,F7,EEG
EEG F8-A1A2,F8,EEG
EEG Fp1-A1A2,Fp1,EEG
EEG Fp2-A1A2,Fp2,EEG
EEG Fz-A1A2,Fz,EEG
EEG LOC-ROC,EEG LOC-ROC,EEG-OTHER
EEG O1-A1A2,O1,EEG
EEG O2-A1A2,O2,EEG
EEG P3-A1A2,P3,EEG
EEG P4-A1A2,P4,EEG
EEG Pz-A1A2,Pz,EEG
EEG T3-A1A2,T3,EEG
EEG T4-A1A2,T4,EEG
EEG T5-A1A2,T5,EEG
EEG T6-A1A2,T6,EEG
EEG001,EEG001,EEG
EEG002,EEG002,EEG
EEG003,EEG003,EEG
EEG004,EEG004,EEG
EEG005,EEG005,EEG
EEG006,EEG006,EEG
EEG007,EEG007,EEG
EEG008,EEG008,EEG
EEG009,EEG009,EEG
EEG010,EEG010,EEG
EEG011,EEG011,EEG
EEG012,EEG012,EEG
EEG013,EEG013,EEG
EEG014,EEG014,EEG
EEG015,EEG015,EEG
EEG016,EEG016,EEG
EEG017,EEG017,EEG
EEG018,EEG018,EEG
EEG019,EEG019,EEG
EEG020,EEG020,EEG
EEG021,EEG021,EEG
EEG022,EEG022,EEG
EEG023,EEG023,EEG
EEG024,EEG024,EEG
EEG025,EEG025,EEG
EEG026,EEG026,EEG
EEG027,EEG027,EEG
EEG028,EEG028,EEG
EEG029,EEG029,EEG
EEG030,EEG030,EEG
EEG031,EEG031,EEG
EEG032,EEG032,EEG
EEG033,EEG033,EEG
EEG034,EEG034,EEG
EEG035,EEG035,EEG
EEG036,EEG036,EEG
EEG037,EEG037,EEG
EEG038,EEG038,EEG
EEG039,EEG039,EEG
EEG040,EEG040,EEG
EEG041,EEG041,EEG
EEG042,EEG042,EEG
EEG043,EEG043,EEG
EEG044,EEG044,EEG
EEG045,EEG045,EEG
EEG046,EEG046,EEG
EEG047,EEG047,EEG
EEG048,EEG048,EEG
EEG049,EEG049,EEG
EEG050,EEG050,EEG
EEG051,EEG051,EEG
EEG052,EEG052,EEG
EEG053,EEG053,EEG
EEG054,EEG054,EEG
EEG055,EEG055,EEG
EEG056,EEG056,EEG
EEG057,EEG057,EEG
EEG058,EEG058,EEG
EEG059,EEG059,EEG
EEG060,EEG060,EEG
EEG061,EEG061,EEG-OTHER
EEG062,EEG062,EEG-OTHER
EEG063,EEG063,EEG-OTHER
EEG064,EEG064,EEG-OTHER
EEG065,EEG065,EEG
EEG066,EEG066,EEG
EEG067,EEG067,EEG
EEG068,EEG068,EEG
EEG069,EEG069,EEG
EEG070,EEG070,EEG
EEG071,EEG071,EEG
EEG072,EEG072,EEG
EEG073,EEG073,EEG
EEG074,EEG074,EEG
EEGstream EE225_AF3,AF3,EEG
EEGstream EE225_AF4,AF4,EEG
EEGstream EE225_AF7,AF7,EEG
EEGstream EE225_AF8,AF8,EEG
EEGstream EE225_C1,C1,EEG
EEGstream EE225_C2,C2,EEG
EEGstream EE225_C3,C3,EEG
EEGstream EE225_C4,C4,EEG
EEGstream EE225_C5,C5,EEG
EEGstream EE225_C6,C6,EEG
EEGstream EE225_CP1,CP1,EEG
EEGstream EE225_CP2,CP2,EEG
EEGstream EE225_CP3,CP3,EEG
EEGstream EE225_CP4,CP4,EEG
EEGstream EE225_CP5,CP5,EEG
EEGstream EE225_CP6,CP6,EEG
EEGstream EE225_Cz,Cz,EEG
EEGstream EE225_EOG,EEGstream EE225_EOG,EOG
EEGstream EE225_F1,F1,EEG
EEGstream EE225_F2,F2,EEG
EEGstream EE225_F3,F3,EEG
EEGstream EE225_F4,F4,EEG
EEGstream EE225_F5,F5,EEG
EEGstream EE225_F6,F6,EEG
EEGstream EE225_F7,F7,EEG
EEGstream EE225_F8,F8,EEG
EEGstream EE225_FC1,FC1,EEG
EEGstream EE225_FC2,FC2,EEG
EEGstream EE225_FC3,FC3,EEG
EEGstream EE225_FC4,FC4,EEG
EEGstream EE225_FC5,FC5,EEG
EEGstream EE225_FC6,FC6,EEG
EEGstream EE225_FCz,FCz,EEG
EEGstream EE225_Fp1,Fp1,EEG
EEGstream EE225_Fp2,Fp2,EEG
EEGstream EE225_Fpz,Fpz,EEG
EEGstream EE225_FT7,FT7,EEG
EEGstream EE225_FT8,FT8,EEG
EEGstream EE225_Fz,Fz,EEG
EEGstream EE225_M1,M1,EEG
EEGstream EE225_M2,M2,EEG
EEGstream EE225_O1,O1,EEG
EEGstream EE225_O2,O2,EEG
EEGstream EE225_Oz,Oz,EEG
EEGstream EE225_P1,P1,EEG
EEGstream EE225_P2,P2,EEG
EEGstream EE225_P3,P3,EEG
EEGstream EE225_P4,P4,EEG
EEGstream EE225_P5,P5,EEG
EEGstream EE225_P6,P6,EEG
EEGstream EE225_P7,P7,EEG
EEGstream EE225_P8,P8,EEG
EEGstream EE225_PO3,PO3,EEG
EEGstream EE225_PO4,PO4,EEG
EEGstream EE225_PO5,PO5,EEG
EEGstream EE225_PO6,PO6,EEG
EEGstream EE225_PO7,PO7,EEG
EEGstream EE225_PO8,PO8,EEG
EEGstream EE225_POz,POz,EEG
EEGstream EE225_Pz,Pz,EEG
EEGstream EE225_T7,T7,EEG
EEGstream EE225_T8,T8,EEG
EEGstream EE225_TP7,TP7,EEG
EEGstream EE225_TP8,TP8,EEG
ELB1,ELB1,EMG
ELG,ELG,EMG
ELK,ELK,EMG
EMG_2,EMG_2,EMG
EMG1:EMG3,EMG1:EMG3,EMG
EMG2:EMG3,EMG2:EMG3,EMG
EMG4,EMG4,EMG
EMG5,EMG5,EMG
EMG6,EMG6,EMG
EMG7,EMG7,EMG
EMG8,EMG8,EMG
EOG1:A2,EOG1:A2,EOG
EOG2:A1,EOG2:A1,EOG
EOG2:EOG1,EOG2:EOG1,EOG
EOGh,EOGh,EOG
EOGN,EOGN,EOG
EOGP,EOGP,EOG
EOGv,EOGv,EOG
EP1,EP1,STIMULUS
EP2,EP2,STIMULUS
erb L-erb R,erb L-erb R,EMG
Erb L-Erb R,Erb L-Erb R,EMG
ERB1,ERB1,EMG
ERG,ERG,EMG
ERK,ERK,EMG
Event,Event,STIMULUS
EX1,EX1,MISC
EX2,EX2,MISC
EX3,EX3,MISC
EX4,EX4,MISC
EX5,EX5,MISC
EX6,EX6,MISC
EX7,EX7,MISC
EX8,EX8,MISC
EXG10,EXG10,EXG
EXG11,EXG11,EXG
EXG12,EXG12,EXG
EXG13,EXG13,EXG
EXG14,EXG14,EXG
EXG15,EXG15,EXG
EXG16,EXG16,EXG
EXG9,EXG9,EXG
F3:A2,F3:A2,EEG-OTHER
F3:C3,F3:C3,EEG-OTHER
F3:M2,F3:M2,EEG-OTHER
F4:A1,F4:A1,EEG-OTHER
F4:C4,F4:C4,EEG-OTHER
F4:M1,F4:M1,EEG-OTHER
Fc1,FC1,EEG
Fc2,FC2,EEG
Fc3,FC3,EEG
Fc4,FC4,EEG
Fc5,FC5,EEG
Fc6,FC6,EEG
FC7,Fc6,MISC
FCCz,FCCz,EEG
Fcz,FCz,EEG
FDI,FDI,EMG
FT11,FT11,EEG-OTHER
FT12,FT12,EEG-OTHER
Ft8,FT8,EEG
G23,G23,EEG
GRF_L,GRF_L,MOTION
GRF_R,GRF_R,MOTION
GSR_MR_100,GSR_MR_100,EDA
GyroX,GyroX,MOTION
GyroY,GyroY,MOTION
GyroZ,GyroZ,MOTION
HB_1,HB_1,ECG
HB_2,HB_2,ECG
HB_IMU_1,HB_IMU_1,MOTION
HB_IMU_2,HB_IMU_2,MOTION
HB_IMU_3,HB_IMU_3,MOTION
HB_IMU_4,HB_IMU_4,MOTION
HB_IMU_5,HB_IMU_5,MOTION
HB_IMU_6,HB_IMU_6,MOTION
HB_PULSE,HB_PULSE,EKG
HEOG_left,HEOG_left,EOG
HEOG_right,HEOG_right,EOG
hEOG-0,hEOG-0,EOG
hEOG-1,hEOG-1,EOG
HEOL,HEOL,EOG
HEOR,HEOR,EOG
HR,HR,EKG
I,Iz,EEG
L_horizontal_eog,L_horizontal_eog,EOG
L_leg_emg_medial_gastrocnemius,L_leg_emg_medial_gastrocnemius,EMG
L_leg_emg_peroneus_longus,L_leg_emg_peroneus_longus,EMG
L_leg_emg_soleus,L_leg_emg_soleus,EMG
L_leg_emg_tibialis_anterior,L_leg_emg_tibialis_anterior,EMG
L_load_cell,L_load_cell,MOTION
L_neck_emg,L_neck_emg,EMG
L_vertical_eog,L_vertical_eog,EOG
L01,L01,EEG-OTHER
L02,L02,EEG-OTHER
L03,L03,EEG-OTHER
L04,L04,EEG-OTHER
L04a,L04a,EEG-OTHER
L04b,L04b,EEG-OTHER
L05,L05,EEG-OTHER
L06,L06,EEG-OTHER
L07,L07,EEG-OTHER
L08,L08,EEG-OTHER
L1,L1,EEG-OTHER
L2,L2,EEG-OTHER
L3,L3,EEG-OTHER
L4,L4,EEG-OTHER
L4A,L4A,EEG-OTHER
L4B,L4B,EEG-OTHER
L5,L5,EEG-OTHER
L6,L6,EEG-OTHER
L7,L7,EEG-OTHER
L8,L8,EEG-OTHER
LB,LB,EEG-OTHER
Left foot_acc_x,Left foot_acc_x,MOTION
Left foot_acc_y,Left foot_acc_y,MOTION
Left foot_acc_z,Left foot_acc_z,MOTION
Left foot_gyro_x,Left foot_gyro_x,MOTION
Left foot_gyro_y,Left foot_gyro_y,MOTION
Left foot_gyro_z,Left foot_gyro_z,MOTION
Left foot_mag_x,Left foot_mag_x,MOTION
Left foot_mag_y,Left foot_mag_y,MOTION
Left foot_mag_z,Left foot_mag_z,MOTION
Left foot_ori_s,Left foot_ori_s,MOTION
Left foot_ori_x,Left foot_ori_x,MOTION
Left foot_ori_y,Left foot_ori_y,MOTION
Left foot_ori_z,Left foot_ori_z,MOTION
Left thigh_acc_x,Left thigh_acc_x,MOTION
Left thigh_acc_y,Left thigh_acc_y,MOTION
Left thigh_acc_z,Left thigh_acc_z,MOTION
Left thigh_gyro_x,Left thigh_gyro_x,MOTION
Left thigh_gyro_y,Left thigh_gyro_y,MOTION
Left thigh_gyro_z,Left thigh_gyro_z,MOTION
Left thigh_mag_x,Left thigh_mag_x,MOTION
Left thigh_mag_y,Left thigh_mag_y,MOTION
Left thigh_mag_z,Left thigh_mag_z,MOTION
Left thigh_ori_s,Left thigh_ori_s,MOTION
Left thigh_ori_x,Left thigh_ori_x,MOTION
Left thigh_ori_y,Left thigh_ori_y,MOTION
Left thigh_ori_z,Left thigh_ori_z,MOTION
Left tibia_acc_x,Left tibia_acc_x,MOTION
Left tibia_acc_y,Left tibia_acc_y,MOTION
Left tibia_acc_z,Left tibia_acc_z,MOTION
Left tibia_gyro_x,Left tibia_gyro_x,MOTION
Left tibia_gyro_y,Left tibia_gyro_y,MOTION
Left tibia_gyro_z,Left tibia_gyro_z,MOTION
Left tibia_mag_x,Left tibia_mag_x,MOTION
Left tibia_mag_y,Left tibia_mag_y,MOTION
Left tibia_mag_z,Left tibia_mag_z,MOTION
Left tibia_ori_s,Left tibia_ori_s,MOTION
Left tibia_ori_x,Left tibia_ori_x,MOTION
Left tibia_ori_y,Left tibia_ori_y,MOTION
Left tibia_ori_z,Left tibia_ori_z,MOTION
Left_Accelerometer_X,Left_Accelerometer_X,MOTION
Left_Accelerometer_Y,Left_Accelerometer_Y,MOTION
Left_Accelerometer_Z,Left_Accelerometer_Z,MOTION
leftVEOG,leftVEOG,EOG
LEMG,LEMG,EMG
LM,A1,EEG
lMast,A1,EEG
LoadSolSync,LoadSolSync,STIMULUS
LOC,LOC,MOTION
LT,LT,MOTION
LTibia_acc_x,LTibia_acc_x,MOTION
LTibia_acc_y,LTibia_acc_y,MOTION
LTibia_acc_z,LTibia_acc_z,MOTION
LTibia_gyro_x,LTibia_gyro_x,MOTION
LTibia_gyro_y,LTibia_gyro_y,MOTION
LTibia_gyro_z,LTibia_gyro_z,MOTION
LTibia_mag_x,LTibia_mag_x,MOTION
LTibia_mag_y,LTibia_mag_y,MOTION
LTibia_mag_z,LTibia_mag_z,MOTION
LTibia_ori_s,LTibia_ori_s,MOTION
LTibia_ori_x,LTibia_ori_x,MOTION
LTibia_ori_y,LTibia_ori_y,MOTION
LTibia_ori_z,LTibia_ori_z,MOTION
Mocap_head_anteriorposterior,Mocap_head_anteriorposterior,MOTION
Mocap_head_mediolateral,Mocap_head_mediolateral,MOTION
Mocap_head_superiorinferior,Mocap_head_superiorinferior,MOTION
Mocap_sacrum_anteriorposterior,Mocap_sacrum_anteriorposterior,MOTION
Mocap_sacrum_mediolateral,Mocap_sacrum_mediolateral,MOTION
Mocap_sacrum_superiorinferior,Mocap_sacrum_superiorinferior,MOTION
N-A1,N-A1,EEG-OTHER
N-A10,N-A10,EEG-OTHER
N-A11,N-A11,EEG-OTHER
N-A12,N-A12,EEG-OTHER
N-A13,N-A13,EEG-OTHER
N-A14,N-A14,EEG-OTHER
N-A15,N-A15,EEG-OTHER
N-A16,N-A16,EEG-OTHER
N-A17,N-A17,EEG-OTHER
N-A18,N-A18,EEG-OTHER
N-A19,N-A19,EEG-OTHER
N-A2,N-A2,EEG-OTHER
N-A20,N-A20,EEG-OTHER
N-A21,N-A21,EEG-OTHER
N-A22,N-A22,EEG-OTHER
N-A23,N-A23,EEG-OTHER
N-A24,N-A24,EEG-OTHER
N-A25,N-A25,EEG-OTHER
N-A26,N-A26,EEG-OTHER
N-A27,N-A27,EEG-OTHER
N-A28,N-A28,EEG-OTHER
N-A29,N-A29,EEG-OTHER
N-A3,N-A3,EEG-OTHER
N-A30,N-A30,EEG-OTHER
N-A31,N-A31,EEG-OTHER
N-A32,N-A32,EEG-OTHER
N-A4,N-A4,EEG-OTHER
N-A5,N-A5,EEG-OTHER
N-A6,N-A6,EEG-OTHER
N-A7,N-A7,EEG-OTHER
N-A8,N-A8,EEG-OTHER
N-A9,N-A9,EEG-OTHER
N-B1,N-B1,EEG-OTHER
N-B10,N-B10,EEG-OTHER
N-B11,N-B11,EEG-OTHER
N-B12,N-B12,EEG-OTHER
N-B13,N-B13,EEG-OTHER
N-B14,N-B14,EEG-OTHER
N-B15,N-B15,EEG-OTHER
N-B16,N-B16,EEG-OTHER
N-B17,N-B17,EEG-OTHER
N-B18,N-B18,EEG-OTHER
N-B19,N-B19,EEG-OTHER
N-B2,N-B2,EEG-OTHER
N-B20,N-B20,EEG-OTHER
N-B21,N-B21,EEG-OTHER
N-B22,N-B22,EEG-OTHER
N-B23,N-B23,EEG-OTHER
N-B24,N-B24,EEG-OTHER
N-B25,N-B25,EEG-OTHER
N-B26,N-B26,EEG-OTHER
N-B27,N-B27,EEG-OTHER
N-B28,N-B28,EEG-OTHER
N-B29,N-B29,EEG-OTHER
N-B3,N-B3,EEG-OTHER
N-B30,N-B30,EEG-OTHER
N-B31,N-B31,EEG-OTHER
N-B32,N-B32,EEG-OTHER
N-B4,N-B4,EEG-OTHER
N-B5,N-B5,EEG-OTHER
N-B6,N-B6,EEG-OTHER
N-B7,N-B7,EEG-OTHER
N-B8,N-B8,EEG-OTHER
N-B9,N-B9,EEG-OTHER
N-C10,N-C10,EEG-OTHER
N-C11,N-C11,EEG-OTHER
N-C12,N-C12,EEG-OTHER
N-C13,N-C13,EEG-OTHER
N-C14,N-C14,EEG-OTHER
N-C15,N-C15,EEG-OTHER
N-C16,N-C16,EEG-OTHER
N-C17,N-C17,EEG-OTHER
N-C18,N-C18,EEG-OTHER
N-C19,N-C19,EEG-OTHER
N-C20,N-C20,EEG-OTHER
N-C21,N-C21,EEG-OTHER
N-C22,N-C22,EEG-OTHER
N-C23,N-C23,EEG-OTHER
N-C24,N-C24,EEG-OTHER
N-C25,N-C25,EEG-OTHER
N-C26,N-C26,EEG-OTHER
N-C27,N-C27,EEG-OTHER
N-C28,N-C28,EEG-OTHER
N-C29,N-C29,EEG-OTHER
N-C30,N-C30,EEG-OTHER
N-C31,N-C31,EEG-OTHER
N-C32,N-C32,EEG-OTHER
N-C7,N-C7,EEG-OTHER
N-C8,N-C8,EEG-OTHER
N-C9,N-C9,EEG-OTHER
N-D1,N-D1,EEG-OTHER
N-D10,N-D10,EEG-OTHER
N-D11,N-D11,EEG-OTHER
N-D12,N-D12,EEG-OTHER
N-D13,N-D13,EEG-OTHER
N-D14,N-D14,EEG-OTHER
N-D15,N-D15,EEG-OTHER
N-D16,N-D16,EEG-OTHER
N-D17,N-D17,EEG-OTHER
N-D18,N-D18,EEG-OTHER
N-D19,N-D19,EEG-OTHER
N-D2,N-D2,EEG-OTHER
N-D20,N-D20,EEG-OTHER
N-D21,N-D21,EEG-OTHER
N-D22,N-D22,EEG-OTHER
N-D23,N-D23,EEG-OTHER
N-D24,N-D24,EEG-OTHER
N-D25,N-D25,EEG-OTHER
N-D26,N-D26,EEG-OTHER
N-D27,N-D27,EEG-OTHER
N-D28,N-D28,EEG-OTHER
N-D29,N-D29,EEG-OTHER
N-D3,N-D3,EEG-OTHER
N-D30,N-D30,EEG-OTHER
N-D31,N-D31,EEG-OTHER
N-D32,N-D32,EEG-OTHER
N-D4,N-D4,EEG-OTHER
N-D5,N-D5,EEG-OTHER
N-D6,N-D6,EEG-OTHER
N-D7,N-D7,EEG-OTHER
N-D8,N-D8,EEG-OTHER
N-D9,N-D9,EEG-OTHER
N-FP2,N-FP2,EEG-OTHER
N-Fp2,N-Fp2,EEG-OTHER
N-LIEOG,N-LIEOG,EOG
N-LIJaw,N-LIJaw,EMG
N-LISCM,N-LISCM,EMG
N-LITrap,N-LITrap,EMG
N-LSEOG,N-LSEOG,EOG
N-LSJaw,N-LSJaw,EMG
N-LSSCM,N-LSSCM,EMG
N-LSTrap,N-LSTrap,EMG
N-O10,N-O10,EEG-OTHER
N-P10,N-P10,EEG-OTHER
N-P9,N-P9,EEG-OTHER
N-PO10,N-PO10,EEG-OTHER
N-PO9,N-PO9,EEG-OTHER
N-RIEOG,N-RIEOG,EOG
N-RIJaw,N-RIJaw,EMG
N-RISCM,N-RISCM,EMG
N-RITrap,N-RITrap,EMG
N-RSEOG,N-RSEOG,EOG
N-RSJaw,N-RSJaw,EMG
N-RSSCM,N-RSSCM,EMG
N-RSTrap,N-RSTrap,EMG
N-TP10,N-TP10,EEG-OTHER
N-TP9,N-TP9,EEG-OTHER
nose-Th6,nose-Th6,MISC
O1:A2,O1:A2,EEG-OTHER
O1:M2,O1:M2,EEG-OTHER
O1',O1',EEG
O2:A1,O2:A1,EEG-OTHER
O2:M1,O2:M1,EEG-OTHER
O2',O2',EEG
OI1,OI1,EEG
OI2,OI2,EEG
OSAT,OSAT,EKG
P11,P11,EEG-OTHER
P12,P12,EEG-OTHER
"P3""",P3'',EEG
"P4""",P4'',EEG
Participant_Paddle_Acc_X(g),Participant_Paddle_Acc_X(g),MOTION
Participant_Paddle_Acc_Y(g),Participant_Paddle_Acc_Y(g),MOTION
Participant_Paddle_Acc_Z(g),Participant_Paddle_Acc_Z(g),MOTION
PO1,PO1,EEG
PO11,PO11,EEG-OTHER
PO12,PO12,EEG-OTHER
PO2,PO2,EEG
Po3,PO3,EEG
Po4,PO4,EEG
Po7,PO7,EEG
Po8,PO8,EEG
POO11h,POO1,EEG
POO12h,POO2,EEG
POO3,POO3,EEG
POO4,POO4,EEG
POO7,POO7,EEG
POO8,POO8,EEG
POOz,POOz,EEG
Pop L,Pop L,EMG
Pop R,Pop R,EMG
Poz,POz,EEG
PPO1,PPO1,EEG
PPO2,PPO2,EEG
PPO7,PPO7,EEG
PPO8,PPO8,EEG
PPOz,PPOz,EEG
PR,PR,EKG
PSG_ABD,PSG_ABD,RESPIRATORY
PSG_BEAT,PSG_BEAT,EKG
PSG_C3,C3,EEG
PSG_C4,C4,EEG
PSG_CAN,PSG_CAN,EKG
PSG_EMG,PSG_EMG,EMG
PSG_EOG,PSG_EOG,EOG
PSG_EOGL,PSG_EOGL,EOG
PSG_EOGR,PSG_EOGR,EOG
PSG_F3,F3,EEG
PSG_F4,F4,EEG
PSG_O1,O1,EEG
PSG_O2,O2,EEG
PSG_PULSE,PSG_PULSE,EKG
PSG_SPO2,PSG_SPO2,EKG
PSG_THER,PSG_THER,RESPIRATORY
PSG_THOR,PSG_THOR,RESPIRATORY
"PZ""",Pz'',EEG
R_horizontal_eog,R_horizontal_eog,EOG
R_leg_emg_medial_gastrocnemius,R_leg_emg_medial_gastrocnemius,EMG
R_leg_emg_peroneus_longus,R_leg_emg_peroneus_longus,EMG
R_leg_emg_soleus,R_leg_emg_soleus,EMG
R_leg_emg_tibialis_anterior,R_leg_emg_tibialis_anterior,EMG
R_load_cell,R_load_cell,EMG
R_neck_emg,R_neck_emg,EMG
R-Dia-X-(mm),R-Dia-X-(mm),EMG
R-Dia-Y-(mm),R-Dia-Y-(mm),EMG
R01,R01,EEG-OTHER
R02,R02,EEG-OTHER
R03,R03,EEG-OTHER
R04,R04,EEG-OTHER
R05,R05,EEG-OTHER
R06,R06,EEG-OTHER
R07,R07,EEG-OTHER
R08,R08,EEG-OTHER
R1,R1,EEG-OTHER
R2,R2,EEG-OTHER
R3,R3,EEG-OTHER
R4,R4,EEG-OTHER
R5,R5,EEG-OTHER
R6,R6,EEG-OTHER
R7,R7,EEG-OTHER
R8,R8,EEG-OTHER
RB,RB,MISC
REF1,A1,EEG
REF2,A2,EEG
REMG,REMG,EMG
Researcher_Paddle_Acc_X(g),Researcher_Paddle_Acc_X(g),MOTION
Researcher_Paddle_Acc_Y(g),Researcher_Paddle_Acc_Y(g),MOTION
Researcher_Paddle_Acc_Z(g),Researcher_Paddle_Acc_Z(g),MOTION
Respiration Belt,Respiration Belt,MOTION
Right foot_acc_x,Right foot_acc_x,MOTION
Right foot_acc_y,Right foot_acc_y,MOTION
Right foot_acc_z,Right foot_acc_z,MOTION
Right foot_gyro_x,Right foot_gyro_x,MOTION
Right foot_gyro_y,Right foot_gyro_y,MOTION
Right foot_gyro_z,Right foot_gyro_z,MOTION
Right foot_mag_x,Right foot_mag_x,MOTION
Right foot_mag_y,Right foot_mag_y,MOTION
Right foot_mag_z,Right foot_mag_z,MOTION
Right foot_ori_s,Right foot_ori_s,MOTION
Right foot_ori_x,Right foot_ori_x,MOTION
Right foot_ori_y,Right foot_ori_y,MOTION
Right foot_ori_z,Right foot_ori_z,MOTION
Right thigh_acc_x,Right thigh_acc_x,MOTION
Right thigh_acc_y,Right thigh_acc_y,MOTION
Right thigh_acc_z,Right thigh_acc_z,MOTION
Right thigh_gyro_x,Right thigh_gyro_x,MOTION
Right thigh_gyro_y,Right thigh_gyro_y,MOTION
Right thigh_gyro_z,Right thigh_gyro_z,MOTION
Right thigh_mag_x,Right thigh_mag_x,MOTION
Right thigh_mag_y,Right thigh_mag_y,MOTION
Right thigh_mag_z,Right thigh_mag_z,MOTION
Right thigh_ori_s,Right thigh_ori_s,MOTION
Right thigh_ori_x,Right thigh_ori_x,MOTION
Right thigh_ori_y,Right thigh_ori_y,MOTION
Right thigh_ori_z,Right thigh_ori_z,MOTION
Right tibia_acc_x,Right tibia_acc_x,MOTION
Right tibia_acc_y,Right tibia_acc_y,MOTION
Right tibia_acc_z,Right tibia_acc_z,MOTION
Right tibia_gyro_x,Right tibia_gyro_x,MOTION
Right tibia_gyro_y,Right tibia_gyro_y,MOTION
Right tibia_gyro_z,Right tibia_gyro_z,MOTION
Right tibia_mag_x,Right tibia_mag_x,MOTION
Right tibia_mag_y,Right tibia_mag_y,MOTION
Right tibia_mag_z,Right tibia_mag_z,MOTION
Right tibia_ori_s,Right tibia_ori_s,MOTION
Right tibia_ori_x,Right tibia_ori_x,MOTION
Right tibia_ori_y,Right tibia_ori_y,MOTION
Right tibia_ori_z,Right tibia_ori_z,MOTION
Right_Accelerometer_X,Right_Accelerometer_X,MOTION
Right_Accelerometer_Y,Right_Accelerometer_Y,MOTION
Right_Accelerometer_Z,Right_Accelerometer_Z,MOTION
rightVEOG,rightVEOG,EOG
RM,A2,EEG
rMast,A2,EEG
ROC,ROC,EOG
RT,RT,MISC
RTibia_acc_x,RTibia_acc_x,MOTION
RTibia_acc_y,RTibia_acc_y,MOTION
RTibia_acc_z,RTibia_acc_z,MOTION
RTibia_gyro_x,RTibia_gyro_x,MOTION
RTibia_gyro_y,RTibia_gyro_y,MOTION
RTibia_gyro_z,RTibia_gyro_z,MOTION
RTibia_mag_x,RTibia_mag_x,MOTION
RTibia_mag_y,RTibia_mag_y,MOTION
RTibia_mag_z,RTibia_mag_z,MOTION
RTibia_ori_s,RTibia_ori_s,MOTION
RTibia_ori_x,RTibia_ori_x,MOTION
RTibia_ori_y,RTibia_ori_y,MOTION
RTibia_ori_z,RTibia_ori_z,MOTION
Signal_1,Signal_1,EEG-OTHER
Signal_10,Signal_10,EEG-OTHER
Signal_11,Signal_11,EEG-OTHER
Signal_12,Signal_12,EEG-OTHER
Signal_13,Signal_13,EEG-OTHER
Signal_14,Signal_14,EEG-OTHER
Signal_15,Signal_15,EEG-OTHER
Signal_16,Signal_16,EEG-OTHER
Signal_17,Signal_17,EEG-OTHER
Signal_18,Signal_18,EEG-OTHER
Signal_19,Signal_19,EEG-OTHER
Signal_2,Signal_2,EEG-OTHER
Signal_20,Signal_20,EEG-OTHER
Signal_21,Signal_21,EEG-OTHER
Signal_22,Signal_22,EEG-OTHER
Signal_23,Signal_23,EEG-OTHER
Signal_24,Signal_24,EEG-OTHER
Signal_25,Signal_25,EEG-OTHER
Signal_26,Signal_26,EEG-OTHER
Signal_27,Signal_27,EEG-OTHER
Signal_28,Signal_28,EEG-OTHER
Signal_29,Signal_29,EEG-OTHER
Signal_3,Signal_3,EEG-OTHER
Signal_30,Signal_30,EEG-OTHER
Signal_31,Signal_31,EEG-OTHER
Signal_32,Signal_32,EEG-OTHER
Signal_4,Signal_4,EEG-OTHER
Signal_5,Signal_5,EEG-OTHER
Signal_6,Signal_6,EEG-OTHER
Signal_7,Signal_7,EEG-OTHER
Signal_8,Signal_8,EEG-OTHER
Signal_9,Signal_9,EEG-OTHER
SP-HandArm,SP-HandArm,MISC
Startle,Startle,EMG
STI 014,STI 014,STIMULUS
STI 015,STI 015,STIMULUS
SW filtered,SW filtered,EEG-OTHER
SyncPulse(uV),SyncPulse(uV),RM
T5',T5',EEG
T6',T6',EEG
Tp7,TP7,EEG
Tp8,TP8,EEG
TPP5h,TPP5h,EEG-OTHER
TRG,TRG,STIMULUS
TRIG,TRIG,STIMULUS
TRIGGER,TRIGGER,STIMULUS
VEOG_lower,VEOG_lower,EOG
vEOG-0,vEOG-0,EOG
vEOG-1,vEOG-1,EOG
VEOL,VEOL,MOTION
VEOU,VEOU,MOTION
x_dir,x_dir,MOTION
X1,X1,MOTION
X2,X2,MOTION
X3,X3,MOTION
y_dir,y_dir,MOTION
z_dir,z_dir,MOTION
9,9,EEG
12,12,EEG
13,13,EEG
14,14,EEG
15,15,EEG
16,16,EEG
17,17,EEG
18,18,EEG
19,19,EEG
20,20,EEG
21,21,EEG
22,22,EEG
23,23,EEG
24,24,EEG
28,28,EEG
29,29,EEG
30,30,EEG
31,31,EEG
32,32,EEG
33,33,EEG
34,34,EEG
35,35,EEG
36,36,EEG
37,37,EEG
38,38,EEG
39,39,EEG
40,40,EEG
41,41,EEG
42,42,EEG
43,43,EEG
44,44,EEG
45,45,EEG
46,46,EEG
47,47,EEG
48,48,EEG
49,49,EEG
50,50,EEG
51,51,EEG
52,52,EEG
53,53,EEG
54,54,EEG
55,55,EEG
56,56,EEG
57,57,EEG
58,58,EEG
59,59,EEG
60,60,EEG
61,61,EEG
62,62,EEG
64,64,EEG-OTHER
AFZ,AFz,EEG
CGY-x,CGY-x,MOTION
CGY-y,CGY-y,MOTION
CGY-z,CGY-z,MOTION
CWR-x,CWR-x,MOTION
CWR-y,CWR-y,MOTION
CWR-z,CWR-z,MOTION
EMG3,EMG3,EMG
F13,F13,EEG
F14,F14,EEG
F15,F15,EEG
F16,F16,EEG
F17,F17,EEG
F18,F18,EEG
F19,F19,EEG
F20,F20,EEG
F21,F21,EEG
F22,F22,EEG
F23,F23,EEG
F24,F24,EEG
F25,F25,EEG
F26,F26,EEG
F27,F27,EEG
F28,F28,EEG
F29,F29,EEG
F30,F30,EEG
F31,F31,EEG
F32,F32,EEG
Ft7,FT7,EEG
G1,G1,EEG
G10,G10,EEG
G11,G11,EEG
G12,G12,EEG
G13,G13,EEG
G14,G14,EEG
G15,G15,EEG
G16,G16,EEG
G17,G17,EEG
G18,G18,EEG
G19,G19,EEG
G2,G2,EEG
G20,G20,EEG
G21,G21,EEG
G22,G22,EEG
G24,G24,EEG
G25,G25,EEG
G26,G26,EEG
G27,G27,EEG
G28,G28,EEG
G29,G29,EEG
G3,G3,EEG
G30,G30,EEG
G31,G31,EEG
G32,G32,EEG
G4,G4,EEG
G5,G5,EEG
G6,G6,EEG
G7,G7,EEG
G8,G8,EEG
G9,G9,EEG
GSR,GSR,EDA
H1,H1,EEG
H10,H10,EEG
H11,H11,EEG
H12,H12,EEG
H13,H13,EEG
H14,H14,EEG
H15,H15,EEG
H16,H16,EEG
H17,H17,EEG
H18,H18,EEG
H19,H19,EEG
H2,H2,EEG
H20,H20,EEG
H21,H21,EEG
H22,H22,EEG
H23,H23,EEG
H24,H24,EEG
H3,H3,EEG
H4,H4,EEG
H5,H5,EEG
H6,H6,EEG
H7,H7,EEG
H8,H8,EEG
H9,H9,EEG
IZ,Iz,EEG
LEOG,LEOG,EOG
LISCM,LISCM,EMG
LITrap,LITrap,EMG
LSSCM,LSSCM,EMG
LSTrap,LSTrap,EMG
N-AF3,N-AF3,EEG-OTHER
N-AF4,N-AF4,EEG-OTHER
N-AF7,N-AF7,EEG-OTHER
N-AF8,N-AF8,EEG-OTHER
N-AFF1h,N-AFF1h,EEG-OTHER
N-AFF2h,N-AFF2h,EEG-OTHER
N-AFF5h,N-AFF5h,EEG-OTHER
N-AFF6h,N-AFF6h,EEG-OTHER
N-AFp1,N-AFp1,EEG-OTHER
N-AFp2,N-AFp2,EEG-OTHER
N-AFz,N-AFz,EEG-OTHER
N-CCP1h,N-CCP1h,EEG-OTHER
N-CCP2h,N-CCP2h,EEG-OTHER
N-CCP3h,N-CCP3h,EEG-OTHER
N-CCP4h,N-CCP4h,EEG-OTHER
N-CCP5h,N-CCP5h,EEG-OTHER
N-CCP6h,N-CCP6h,EEG-OTHER
N-CP1,N-CP1,EEG-OTHER
N-CP2,N-CP2,EEG-OTHER
N-CP3,N-CP3,EEG-OTHER
N-CP4,N-CP4,EEG-OTHER
N-CP5,N-CP5,EEG-OTHER
N-CP6,N-CP6,EEG-OTHER
N-CPP1h,N-CPP1h,EEG-OTHER
N-CPP2h,N-CPP2h,EEG-OTHER
N-CPP3h,N-CPP3h,EEG-OTHER
N-CPP4h,N-CPP4h,EEG-OTHER
N-CPP5h,N-CPP5h,EEG-OTHER
N-CPP6h,N-CPP6h,EEG-OTHER
N-Cz,N-Cz,EEG-OTHER
N-F1,N-F1,EEG-OTHER
N-F10,N-F10,EEG-OTHER
N-F2,N-F2,EEG-OTHER
N-F3,N-F3,EEG-OTHER
N-F4,N-F4,EEG-OTHER
N-F5,N-F5,EEG-OTHER
N-F6,N-F6,EEG-OTHER
N-F7,N-F7,EEG-OTHER
N-F8,N-F8,EEG-OTHER
N-F9,N-F9,EEG-OTHER
N-FC1,N-FC1,EEG-OTHER
N-FC2,N-FC2,EEG-OTHER
N-FC3,N-FC3,EEG-OTHER
N-FC4,N-FC4,EEG-OTHER
N-FC5,N-FC5,EEG-OTHER
N-FC6,N-FC6,EEG-OTHER
N-FCC1h,N-FCC1h,EEG-OTHER
N-FCC2h,N-FCC2h,EEG-OTHER
N-FCC3h,N-FCC3h,EEG-OTHER
N-FCC4h,N-FCC4h,EEG-OTHER
N-FCC5h,N-FCC5h,EEG-OTHER
N-FCC6h,N-FCC6h,EEG-OTHER
N-FCz,N-FCz,EEG-OTHER
N-FFC1h,N-FFC1h,EEG-OTHER
N-FFC2h,N-FFC2h,EEG-OTHER
N-FFC3h,N-FFC3h,EEG-OTHER
N-FFC4h,N-FFC4h,EEG-OTHER
N-FFC5h,N-FFC5h,EEG-OTHER
N-FFC6h,N-FFC6h,EEG-OTHER
N-FFT10h,N-FFT10h,EEG-OTHER
N-FFT7h,N-FFT7h,EEG-OTHER
N-FFT8h,N-FFT8h,EEG-OTHER
N-FFT9h,N-FFT9h,EEG-OTHER
N-Fp1,N-Fp1,EEG-OTHER
N-FT10,N-FT10,EEG-OTHER
N-FT7,N-FT7,EEG-OTHER
N-FT8,N-FT8,EEG-OTHER
N-FT9,N-FT9,EEG-OTHER
N-FTT10h,N-FTT10h,EEG-OTHER
N-FTT7h,N-FTT7h,EEG-OTHER
N-FTT8h,N-FTT8h,EEG-OTHER
N-FTT9h,N-FTT9h,EEG-OTHER
N-Fz,N-Fz,EEG-OTHER
N-Iz,N-Iz,EEG-OTHER
N-O1,N-O1,EEG-OTHER
N-O2,N-O2,EEG-OTHER
N-O9,N-O9,EEG-OTHER
N-OI1h,N-OI1h,EEG-OTHER
N-OI2h,N-OI2h,EEG-OTHER
N-Oz,N-Oz,EEG-OTHER
N-P1,N-P1,EEG-OTHER
N-P2,N-P2,EEG-OTHER
N-P3,N-P3,EEG-OTHER
N-P4,N-P4,EEG-OTHER
N-P5,N-P5,EEG-OTHER
N-P6,N-P6,EEG-OTHER
N-P7,N-P7,EEG-OTHER
N-P8,N-P8,EEG-OTHER
N-PO3,N-PO3,EEG-OTHER
N-PO4,N-PO4,EEG-OTHER
N-PO7,N-PO7,EEG-OTHER
N-PO8,N-PO8,EEG-OTHER
N-POO1,N-POO1,EEG-OTHER
N-POO10h,N-POO10h,EEG-OTHER
N-POO2,N-POO2,EEG-OTHER
N-POO9h,N-POO9h,EEG-OTHER
N-POz,N-POz,EEG-OTHER
N-PPO10h,N-PPO10h,EEG-OTHER
N-PPO1h,N-PPO1h,EEG-OTHER
N-PPO2h,N-PPO2h,EEG-OTHER
N-PPO5h,N-PPO5h,EEG-OTHER
N-PPO6h,N-PPO6h,EEG-OTHER
N-PPO9h,N-PPO9h,EEG-OTHER
N-Pz,N-Pz,EEG-OTHER
N-T7,N-T7,EEG-OTHER
N-T8,N-T8,EEG-OTHER
N-TP7,N-TP7,EEG-OTHER
N-TP8,N-TP8,EEG-OTHER
N-TPP10h,N-TPP10h,EEG-OTHER
N-TPP7h,N-TPP7h,EEG-OTHER
N-TPP8h,N-TPP8h,EEG-OTHER
N-TPP9h,N-TPP9h,EEG-OTHER
N-TTP7h,N-TTP7h,EEG-OTHER
N-TTP8h,N-TTP8h,EEG-OTHER
NGY-x,NGY-x,MOTION
NGY-y,NGY-y,MOTION
NGY-z,NGY-z,MOTION
NWR-x,NWR-x,MOTION
NWR-y,NWR-y,MOTION
NWR-z,NWR-z,MOTION
Pg1,A1,EEG
Pg2,A2,EEG
REOG,REOG,EOG
RISCM,RISCM,EMG
RITrap,RITrap,EMG
RSSCM,RSSCM,EMG
RSTrap,RSTrap,EMG
T1,T1,EEG
T10,T10,EEG
T2,T2,EEG
T9,T9,EEG
1,1,EEG
2,2,EEG
3,3,EEG
4,4,EEG
5,5,EEG
6,6,EEG
7,7,EEG
8,8,EEG
10,10,EEG
11,11,EEG
63,63,EEG
ELC,ELC,EOG
ELT,ELT,EOG
EMG1,EMG1,EMG
EMG2,EMG2,EMG
EOG1,EOG1,EOG
EOG2,EOG2,EOG
ERC,ERC,EOG
ERT,ERT,EOG
F11,F11,EEG
F12,F12,EEG
N-C1,N-C1,EEG-OTHER
N-C2,N-C2,EEG-OTHER
N-C3,N-C3,EEG-OTHER
N-C4,N-C4,EEG-OTHER
N-C5,N-C5,EEG-OTHER
N-C6,N-C6,EEG-OTHER
AFF1h,AFF1h,EEG
AFF2h,AFF2h,EEG
AFp1,AFp1,EEG
AFp2,AFp2,EEG
BrainVision RDA_G01,G1,EEG
BrainVision RDA_G02,G2,EEG
BrainVision RDA_G03,G3,EEG
BrainVision RDA_G04,G4,EEG
BrainVision RDA_G05,G5,EEG
BrainVision RDA_G06,G6,EEG
BrainVision RDA_G07,G7,EEG
BrainVision RDA_G08,G8,EEG
BrainVision RDA_G09,G9,EEG
BrainVision RDA_G10,G10,EEG
BrainVision RDA_G11,G11,EEG
BrainVision RDA_G12,G12,EEG
BrainVision RDA_G13,G13,EEG
BrainVision RDA_G14,G14,EEG
BrainVision RDA_G15,G15,EEG
BrainVision RDA_G16,G16,EEG
BrainVision RDA_G17,G17,EEG
BrainVision RDA_G18,G18,EEG
BrainVision RDA_G19,G19,EEG
BrainVision RDA_G20,G20,EEG
BrainVision RDA_G21,G21,EEG
BrainVision RDA_G22,G22,EEG
BrainVision RDA_G23,G23,EEG
BrainVision RDA_G24,G24,EEG
BrainVision RDA_G25,G25,EEG
BrainVision RDA_G26,G26,EEG
BrainVision RDA_G27,G27,EEG
BrainVision RDA_G28,G28,EEG
BrainVision RDA_G29,G29,EEG
BrainVision RDA_G30,G30,EEG
BrainVision RDA_G31,G31,EEG
BrainVision RDA_G32,G32,EEG
BrainVision RDA_N01,N01,EEG-OTHER
BrainVision RDA_N02,N02,EEG-OTHER
BrainVision RDA_N03,N03,EEG-OTHER
BrainVision RDA_N04,N04,EEG-OTHER
BrainVision RDA_N05,N05,EEG-OTHER
BrainVision RDA_N06,N06,EEG-OTHER
BrainVision RDA_N07,N07,EEG-OTHER
BrainVision RDA_N08,N08,EEG-OTHER
BrainVision RDA_N09,N09,EEG-OTHER
BrainVision RDA_N10,N10,EEG-OTHER
BrainVision RDA_N11,N11,EEG-OTHER
BrainVision RDA_N12,N12,EEG-OTHER
BrainVision RDA_N13,N13,EEG-OTHER
BrainVision RDA_N14,N14,EEG-OTHER
BrainVision RDA_N15,N15,EEG-OTHER
BrainVision RDA_N16,N16,EEG-OTHER
BrainVision RDA_N17,N17,EEG-OTHER
BrainVision RDA_N18,N18,EEG-OTHER
BrainVision RDA_N19,N19,EEG-OTHER
BrainVision RDA_N20,N20,EEG-OTHER
BrainVision RDA_N21,N21,EEG-OTHER
BrainVision RDA_N22,N22,EEG-OTHER
BrainVision RDA_N23,N23,EEG-OTHER
BrainVision RDA_N24,N24,EEG-OTHER
BrainVision RDA_N25,N25,EEG-OTHER
BrainVision RDA_N26,N26,EEG-OTHER
BrainVision RDA_N27,N27,EEG-OTHER
BrainVision RDA_N28,N28,EEG-OTHER
BrainVision RDA_N29,N29,EEG-OTHER
BrainVision RDA_N30,N30,EEG-OTHER
BrainVision RDA_N31,N31,EEG-OTHER
BrainVision RDA_N32,N32,EEG-OTHER
BrainVision RDA_R01,R01,EEG-OTHER
BrainVision RDA_R02,R02,EEG-OTHER
BrainVision RDA_R03,R03,EEG-OTHER
BrainVision RDA_R04,R04,EEG-OTHER
BrainVision RDA_R05,R05,EEG-OTHER
BrainVision RDA_R06,R06,EEG-OTHER
BrainVision RDA_R07,R07,EEG-OTHER
BrainVision RDA_R08,R08,EEG-OTHER
BrainVision RDA_R09,R09,EEG-OTHER
BrainVision RDA_R10,R10,EEG-OTHER
BrainVision RDA_R11,R11,EEG-OTHER
BrainVision RDA_R12,R12,EEG-OTHER
BrainVision RDA_R13,R13,EEG-OTHER
BrainVision RDA_R14,R14,EEG-OTHER
BrainVision RDA_R15,R15,EEG-OTHER
BrainVision RDA_R16,R16,EEG-OTHER
BrainVision RDA_R17,R17,EEG-OTHER
BrainVision RDA_R18,R18,EEG-OTHER
BrainVision RDA_R19,R19,EEG-OTHER
BrainVision RDA_R20,R20,EEG-OTHER
BrainVision RDA_R21,R21,EEG-OTHER
BrainVision RDA_R22,R22,EEG-OTHER
BrainVision RDA_R23,R23,EEG-OTHER
BrainVision RDA_R24,R24,EEG-OTHER
BrainVision RDA_R25,R25,EEG-OTHER
BrainVision RDA_R26,R26,EEG-OTHER
BrainVision RDA_R27,R27,EEG-OTHER
BrainVision RDA_R28,R28,EEG-OTHER
BrainVision RDA_R29,R29,EEG-OTHER
BrainVision RDA_R30,R30,EEG-OTHER
BrainVision RDA_R31,R31,EEG-OTHER
BrainVision RDA_R32,R32,EEG-OTHER
BrainVision RDA_W01,W01,EEG-OTHER
BrainVision RDA_W02,W02,EEG-OTHER
BrainVision RDA_W03,W03,EEG-OTHER
BrainVision RDA_W04,W04,EEG-OTHER
BrainVision RDA_W05,W05,EEG-OTHER
BrainVision RDA_W06,W06,EEG-OTHER
BrainVision RDA_W07,W07,EEG-OTHER
BrainVision RDA_W08,W08,EEG-OTHER
BrainVision RDA_W09,W09,EEG-OTHER
BrainVision RDA_W10,W10,EEG-OTHER
BrainVision RDA_W11,W11,EEG-OTHER
BrainVision RDA_W12,W12,EEG-OTHER
BrainVision RDA_W13,W13,EEG-OTHER
BrainVision RDA_W14,W14,EEG-OTHER
BrainVision RDA_W15,W15,EEG-OTHER
BrainVision RDA_W16,W16,EEG-OTHER
BrainVision RDA_W17,W17,EEG-OTHER
BrainVision RDA_W18,W18,EEG-OTHER
BrainVision RDA_W19,W19,EEG-OTHER
BrainVision RDA_W20,W20,EEG-OTHER
BrainVision RDA_W21,W21,EEG-OTHER
BrainVision RDA_W22,W22,EEG-OTHER
BrainVision RDA_W23,W23,EEG-OTHER
BrainVision RDA_W24,W24,EEG-OTHER
BrainVision RDA_W25,W25,EEG-OTHER
BrainVision RDA_W26,W26,EEG-OTHER
BrainVision RDA_W27,W27,EEG-OTHER
BrainVision RDA_W28,W28,EEG-OTHER
BrainVision RDA_W29,W29,EEG-OTHER
BrainVision RDA_W30,W30,EEG-OTHER
BrainVision RDA_W31,W31,EEG-OTHER
BrainVision RDA_W32,W32,EEG-OTHER
BrainVision RDA_Y01,Y01,EEG-OTHER
BrainVision RDA_Y02,Y02,EEG-OTHER
BrainVision RDA_Y03,Y03,EEG-OTHER
BrainVision RDA_Y04,Y04,EEG-OTHER
BrainVision RDA_Y05,Y05,EEG-OTHER
BrainVision RDA_Y06,Y06,EEG-OTHER
BrainVision RDA_Y07,Y07,EEG-OTHER
BrainVision RDA_Y08,Y08,EEG-OTHER
BrainVision RDA_Y09,Y09,EEG-OTHER
BrainVision RDA_Y10,Y10,EEG-OTHER
BrainVision RDA_Y11,Y11,EEG-OTHER
BrainVision RDA_Y12,Y12,EEG-OTHER
BrainVision RDA_Y13,Y13,EEG-OTHER
BrainVision RDA_Y14,Y14,EEG-OTHER
BrainVision RDA_Y15,Y15,EEG-OTHER
BrainVision RDA_Y16,Y16,EEG-OTHER
BrainVision RDA_Y17,Y17,EEG-OTHER
BrainVision RDA_Y18,Y18,EEG-OTHER
BrainVision RDA_Y19,Y19,EEG-OTHER
BrainVision RDA_Y20,Y20,EEG-OTHER
BrainVision RDA_Y21,Y21,EEG-OTHER
BrainVision RDA_Y22,Y22,EEG-OTHER
BrainVision RDA_Y23,Y23,EEG-OTHER
BrainVision RDA_Y24,Y24,EEG-OTHER
BrainVision RDA_Y25,Y25,EEG-OTHER
BrainVision RDA_Y26,Y26,EEG-OTHER
BrainVision RDA_Y27,Y27,EEG-OTHER
BrainVision RDA_Y28,Y28,EEG-OTHER
BrainVision RDA_Y29,Y29,EEG-OTHER
BrainVision RDA_Y30,Y30,EEG-OTHER
BrainVision RDA_Y31,Y31,EEG-OTHER
BrainVision RDA_Y32,Y32,EEG-OTHER
ELA,ELA,EOG
ELB,ELB,EOG
ELI,ELI,EOG
EMGc,EMGc,EMG
EMGl,EMGl,EMG
EMGr,EMGr,EMG
EOGl,EOGl,EOG
EOGr,EOGr,EOG
ERA,ERA,EOG
ERB,ERB,EOG
ERE,ERE,EOG
ERI,ERI,EOG
FFT10h,FFT10h,EEG
FFT9h,FFT9h,EEG
HE,HE,EOG
LE,LE,EOG
O10,O10,EEG
POO1,POO1,EEG
POO2,POO2,EEG
PPO10h,PPO10h,EEG
PPO1h,PPO1h,EEG
PPO2h,PPO2h,EEG
PPO5h,PPO5h,EEG
PPO6h,PPO6h,EEG
PPO9h,PPO9h,EEG
TPP10h,TPP10h,EEG
TPP7h,TPP7h,EEG
TPP9h,TPP9h,EEG
Above Eye,Above Eye,EOG
AFF5h,AFF5h,EEG
AFF6h,AFF6h,EEG
AudioOutput,AudioOutput,AUDIO
Below Eye,Below Eye,EOG
CCP1h,CCP1h,EEG
CCP2h,CCP2h,EEG
CCP3h,CCP3h,EEG
CCP4h,CCP4h,EEG
CCP5h,CCP5h,EEG
CCP6h,CCP6h,EEG
CPP1h,CPP1h,EEG
CPP2h,CPP2h,EEG
CPP3h,CPP3h,EEG
CPP4h,CPP4h,EEG
CPP5h,CPP5h,EEG
CPP6h,CPP6h,EEG
ELE,ELE,RM
Empty,Empty,RM
FCC1h,FCC1h,EEG
FCC2h,FCC2h,EEG
FCC3h,FCC3h,EEG
FCC4h,FCC4h,EEG
FCC5h,FCC5h,EEG
FCC6h,FCC6h,EEG
FFC1h,FFC1h,EEG
FFC2h,FFC2h,EEG
FFC3h,FFC3h,EEG
FFC4h,FFC4h,EEG
FFC5h,FFC5h,EEG
FFC6h,FFC6h,EEG
FFT7h,FFT7h,EEG
FFT8h,FFT8h,EEG
FTT10h,FTT10h,EEG
FTT7h,FTT7h,EEG
FTT8h,FTT8h,EEG
FTT9h,FTT9h,EEG
Left Mastoid,A1,EEG
O9,O9,EEG
OI1h,OI1h,EEG
OI2h,OI2h,EEG
POO10h,POO10h,EEG
POO9h,POO9h,EEG
Right Mastoid,A2,EEG
SCR,SCR,EDA
TPP8h,TPP8h,EEG
TTP7h,TTP7h,EEG
TTP8h,TTP8h,EEG
Afz,AFz,EEG
Erg1,Erg1,EMG
Erg2,Erg2,EMG
I1,I1,EEG
I2,I2,EEG
Plet,Plet,PPG
Temp,Temp,TEMPERATURE
Trigger,Trigger,STIMULUS
HEOG,HEOG,EOG
X,X,MOTION
Y,Y,MOTION
Z,Z,MOTION
E129,E129,EEG
F10,F10,EEG
F9,F9,EEG
RESP,Resp,RESPIRATORY
GSR1,GSR1,EDA
GSR2,GSR2,EDA
CB1,Cb1,EEG
CB2,Cb2,EEG
FCZ,FCz,EEG
FPz,Fpz,EEG
FPZ,Fpz,EEG
HEO,HEO,EOG
Resp,Resp,RESPIRATORY
VEO,VEO,EOG
CPZ,CPz,EEG
PO10,PO10,EEG
PO9,PO9,EEG
POZ,POz,EEG
EMG,EMG,EMG
PO5,PO5,EEG
PO6,PO6,EEG
VEOG,VEOG,EOG
OZ,Oz,EEG
T5,T5,EEG
T6,T6,EEG
CZ,Cz,EEG
T3,T3,EEG
T4,T4,EEG
FZ,Fz,EEG
PZ,Pz,EEG
C10,C10,EEG
C11,C11,EEG
C12,C12,EEG
C13,C13,EEG
C14,C14,EEG
C15,C15,EEG
C16,C16,EEG
C17,C17,EEG
C18,C18,EEG
C19,C19,EEG
C20,C20,EEG
C23,C23,EEG
C24,C24,EEG
C25,C25,EEG
C26,C26,EEG
C27,C27,EEG
C28,C28,EEG
C29,C29,EEG
C30,C30,EEG
C31,C31,EEG
C32,C32,EEG
C7,C7,EEG
C8,C8,EEG
C9,C9,EEG
D1,D1,EEG
D10,D10,EEG
D11,D11,EEG
D12,D12,EEG
D13,D13,EEG
D14,D14,EEG
D15,D15,EEG
D16,D16,EEG
D17,D17,EEG
D18,D18,EEG
D19,D19,EEG
D2,D2,EEG
D20,D20,EEG
D21,D21,EEG
D22,D22,EEG
D23,D23,EEG
D24,D24,EEG
D25,D25,EEG
D26,D26,EEG
D27,D27,EEG
D28,D28,EEG
D29,D29,EEG
D3,D3,EEG
D30,D30,EEG
D31,D31,EEG
D32,D32,EEG
D4,D4,EEG
D5,D5,EEG
D6,D6,EEG
D7,D7,EEG
D8,D8,EEG
D9,D9,EEG
EOG,EOG,EOG
C21,C21,EEG
C22,C22,EEG
A10,A10,EEG
A11,A11,EEG
A12,A12,EEG
A13,A13,EEG
A14,A14,EEG
A15,A15,EEG
A16,A16,EEG
A17,A17,EEG
A18,A18,EEG
A19,A19,EEG
A20,A20,EEG
A21,A21,EEG
A22,A22,EEG
A23,A23,EEG
A24,A24,EEG
A25,A25,EEG
A26,A26,EEG
A27,A27,EEG
A28,A28,EEG
A29,A29,EEG
A3,A3,EEG
A30,A30,EEG
A31,A31,EEG
A32,A32,EEG
A4,A4,EEG
A5,A5,EEG
A6,A6,EEG
A7,A7,EEG
A8,A8,EEG
A9,A9,EEG
B1,B1,EEG
B10,B10,EEG
B11,B11,EEG
B12,B12,EEG
B13,B13,EEG
B14,B14,EEG
B15,B15,EEG
B16,B16,EEG
B17,B17,EEG
B18,B18,EEG
B19,B19,EEG
B2,B2,EEG
B20,B20,EEG
B21,B21,EEG
B22,B22,EEG
B23,B23,EEG
B24,B24,EEG
B25,B25,EEG
B26,B26,EEG
B27,B27,EEG
B28,B28,EEG
B29,B29,EEG
B3,B3,EEG
B30,B30,EEG
B31,B31,EEG
B32,B32,EEG
B4,B4,EEG
B5,B5,EEG
B6,B6,EEG
B7,B7,EEG
B8,B8,EEG
B9,B9,EEG
EKG,EKG,ECG
E100,E100,EEG
E101,E101,EEG
E102,E102,EEG
E103,E103,EEG
E104,E104,EEG
E105,E105,EEG
E106,E106,EEG
E107,E107,EEG
E108,E108,EEG
E109,E109,EEG
E110,E110,EEG
E111,E111,EEG
E112,E112,EEG
E113,E113,EEG
E114,E114,EEG
E115,E115,EEG
E116,E116,EEG
E117,E117,EEG
E118,E118,EEG
E119,E119,EEG
E120,E120,EEG
E121,E121,EEG
E122,E122,EEG
E123,E123,EEG
E124,E124,EEG
E125,E125,EEG
E126,E126,EEG
E127,E127,EEG
E128,E128,EEG
E47,E47,EEG
E50,E50,EEG
E53,E53,EEG
E59,E59,EEG
E61,E61,EEG
E62,E62,EEG
E63,E63,EEG
E64,E64,EEG
E65,E65,EEG
E66,E66,EEG
E67,E67,EEG
E69,E69,EEG
E70,E70,EEG
E71,E71,EEG
E72,E72,EEG
E73,E73,EEG
E74,E74,EEG
E75,E75,EEG
E76,E76,EEG
E77,E77,EEG
E78,E78,EEG
E79,E79,EEG
E80,E80,EEG
E81,E81,EEG
E82,E82,EEG
E83,E83,EEG
E85,E85,EEG
E86,E86,EEG
E87,E87,EEG
E88,E88,EEG
E89,E89,EEG
E90,E90,EEG
E91,E91,EEG
E92,E92,EEG
E93,E93,EEG
E94,E94,EEG
E95,E95,EEG
E96,E96,EEG
E97,E97,EEG
E98,E98,EEG
E99,E99,EEG
ECG,ECG,ECG
EXG7,EXG7,EXG
EXG8,EXG8,EXG
M1,M1,EEG
E33,E33,EEG
E34,E34,EEG
E35,E35,EEG
E36,E36,EEG
E37,E37,EEG
E38,E38,EEG
E39,E39,EEG
E40,E40,EEG
E41,E41,EEG
E42,E42,EEG
E43,E43,EEG
E44,E44,EEG
E45,E45,EEG
E48,E48,EEG
E49,E49,EEG
E52,E52,EEG
E54,E54,EEG
E55,E55,EEG
E56,E56,EEG
E57,E57,EEG
E58,E58,EEG
E60,E60,EEG
E68,E68,EEG
E84,E84,EEG
M2,M2,EEG
E3,E3,EEG
E46,E46,EEG
E51,E51,EEG
A1,A1,EEG
E12,E12,EEG
E14,E14,EEG
E15,E15,EEG
E16,E16,EEG
E17,E17,EEG
E18,E18,EEG
E4,E4,EEG
E5,E5,EEG
E6,E6,EEG
E7,E7,EEG
E8,E8,EEG
E9,E9,EEG
EXG1,EXG1,EXG
FP1,Fp1,EEG
FP2,Fp2,EEG
Status,Status,STIMULUS
E1,E1,EEG
E10,E10,EEG
E11,E11,EEG
E13,E13,EEG
E2,E2,EEG
E21,E21,EEG
E22,E22,EEG
E23,E23,EEG
E24,E24,EEG
E25,E25,EEG
E26,E26,EEG
E27,E27,EEG
E28,E28,EEG
E31,E31,EEG
E32,E32,EEG
EXG2,EXG2,EXG
EXG3,EXG3,EXG
EXG4,EXG4,EXG
EXG5,EXG5,EXG
EXG6,EXG6,EXG
E19,E19,EEG
E20,E20,EEG
E29,E29,EEG
E30,E30,EEG
A2,A2,EEG
P10,P10,EEG
P9,P9,EEG
Iz,Iz,EEG
Fpz,Fpz,EEG
FT10,FT10,EEG
FT9,FT9,EEG
TP10,TP10,EEG
TP9,TP9,EEG
AFz,AFz,EEG
FCz,FCz,EEG
CPz,CPz,EEG
AF7,AF7,EEG
AF8,AF8,EEG
POz,POz,EEG
P1,P1,EEG
P2,P2,EEG
PO7,PO7,EEG
PO8,PO8,EEG
FT7,FT7,EEG
FT8,FT8,EEG
P5,P5,EEG
P6,P6,EEG
TP7,TP7,EEG
AF3,AF3,EEG
CP3,CP3,EEG
CP4,CP4,EEG
F1,F1,EEG
F2,F2,EEG
F5,F5,EEG
F6,F6,EEG
FC3,FC3,EEG
FC4,FC4,EEG
TP8,TP8,EEG
AF4,AF4,EEG
PO3,PO3,EEG
PO4,PO4,EEG
C1,C1,EEG
C2,C2,EEG
C5,C5,EEG
C6,C6,EEG
Fp1,Fp1,EEG
Fp2,Fp2,EEG
Oz,Oz,EEG
Fz,Fz,EEG
Pz,Pz,EEG
FC5,FC5,EEG
FC6,FC6,EEG
P7,P7,EEG
P8,P8,EEG
CP5,CP5,EEG
CP6,CP6,EEG
T7,T7,EEG
T8,T8,EEG
CP1,CP1,EEG
CP2,CP2,EEG
FC1,FC1,EEG
FC2,FC2,EEG
Cz,Cz,EEG
P3,P3,EEG
P4,P4,EEG
F7,F7,EEG
F8,F8,EEG
O1,O1,EEG
O2,O2,EEG
F3,F3,EEG
F4,F4,EEG
C3,C3,EEG
C4,C4,EEG