recording_id,subject_id,s3_url
sub-1_task-Sleep_acq-headband,sub-1,s3://openneuro.org/ds005555/sub-1/eeg/sub-1_task-Sleep_acq-headband
sub-1_task-Sleep_acq-psg,sub-1,s3://openneuro.org/ds005555/sub-1/eeg/sub-1_task-Sleep_acq-psg
sub-10_task-Sleep_acq-headband,sub-10,s3://openneuro.org/ds005555/sub-10/eeg/sub-10_task-Sleep_acq-headband
sub-10_task-Sleep_acq-psg,sub-10,s3://openneuro.org/ds005555/sub-10/eeg/sub-10_task-Sleep_acq-psg
sub-100_task-Sleep_acq-headband,sub-100,s3://openneuro.org/ds005555/sub-100/eeg/sub-100_task-Sleep_acq-headband
sub-100_task-Sleep_acq-psg,sub-100,s3://openneuro.org/ds005555/sub-100/eeg/sub-100_task-Sleep_acq-psg
sub-101_task-Sleep_acq-headband,sub-101,s3://openneuro.org/ds005555/sub-101/eeg/sub-101_task-Sleep_acq-headband
sub-101_task-Sleep_acq-psg,sub-101,s3://openneuro.org/ds005555/sub-101/eeg/sub-101_task-Sleep_acq-psg
sub-102_task-Sleep_acq-headband,sub-102,s3://openneuro.org/ds005555/sub-102/eeg/sub-102_task-Sleep_acq-headband
sub-102_task-Sleep_acq-psg,sub-102,s3://openneuro.org/ds005555/sub-102/eeg/sub-102_task-Sleep_acq-psg
sub-103_task-Sleep_acq-headband,sub-103,s3://openneuro.org/ds005555/sub-103/eeg/sub-103_task-Sleep_acq-headband
sub-103_task-Sleep_acq-psg,sub-103,s3://openneuro.org/ds005555/sub-103/eeg/sub-103_task-Sleep_acq-psg
sub-104_task-Sleep_acq-headband,sub-104,s3://openneuro.org/ds005555/sub-104/eeg/sub-104_task-Sleep_acq-headband
sub-104_task-Sleep_acq-psg,sub-104,s3://openneuro.org/ds005555/sub-104/eeg/sub-104_task-Sleep_acq-psg
sub-105_task-Sleep_acq-headband,sub-105,s3://openneuro.org/ds005555/sub-105/eeg/sub-105_task-Sleep_acq-headband
sub-105_task-Sleep_acq-psg,sub-105,s3://openneuro.org/ds005555/sub-105/eeg/sub-105_task-Sleep_acq-psg
sub-106_task-Sleep_acq-headband,sub-106,s3://openneuro.org/ds005555/sub-106/eeg/sub-106_task-Sleep_acq-headband
sub-106_task-Sleep_acq-psg,sub-106,s3://openneuro.org/ds005555/sub-106/eeg/sub-106_task-Sleep_acq-psg
sub-107_task-Sleep_acq-headband,sub-107,s3://openneuro.org/ds005555/sub-107/eeg/sub-107_task-Sleep_acq-headband
sub-107_task-Sleep_acq-psg,sub-107,s3://openneuro.org/ds005555/sub-107/eeg/sub-107_task-Sleep_acq-psg
sub-108_task-Sleep_acq-headband,sub-108,s3://openneuro.org/ds005555/sub-108/eeg/sub-108_task-Sleep_acq-headband
sub-108_task-Sleep_acq-psg,sub-108,s3://openneuro.org/ds005555/sub-108/eeg/sub-108_task-Sleep_acq-psg
sub-109_task-Sleep_acq-headband,sub-109,s3://openneuro.org/ds005555/sub-109/eeg/sub-109_task-Sleep_acq-headband
sub-109_task-Sleep_acq-psg,sub-109,s3://openneuro.org/ds005555/sub-109/eeg/sub-109_task-Sleep_acq-psg
sub-11_task-Sleep_acq-headband,sub-11,s3://openneuro.org/ds005555/sub-11/eeg/sub-11_task-Sleep_acq-headband
sub-11_task-Sleep_acq-psg,sub-11,s3://openneuro.org/ds005555/sub-11/eeg/sub-11_task-Sleep_acq-psg
sub-110_task-Sleep_acq-headband,sub-110,s3://openneuro.org/ds005555/sub-110/eeg/sub-110_task-Sleep_acq-headband
sub-110_task-Sleep_acq-psg,sub-110,s3://openneuro.org/ds005555/sub-110/eeg/sub-110_task-Sleep_acq-psg
sub-111_task-Sleep_acq-headband,sub-111,s3://openneuro.org/ds005555/sub-111/eeg/sub-111_task-Sleep_acq-headband
sub-111_task-Sleep_acq-psg,sub-111,s3://openneuro.org/ds005555/sub-111/eeg/sub-111_task-Sleep_acq-psg
sub-112_task-Sleep_acq-headband,sub-112,s3://openneuro.org/ds005555/sub-112/eeg/sub-112_task-Sleep_acq-headband
sub-112_task-Sleep_acq-psg,sub-112,s3://openneuro.org/ds005555/sub-112/eeg/sub-112_task-Sleep_acq-psg
sub-113_task-Sleep_acq-headband,sub-113,s3://openneuro.org/ds005555/sub-113/eeg/sub-113_task-Sleep_acq-headband
sub-113_task-Sleep_acq-psg,sub-113,s3://openneuro.org/ds005555/sub-113/eeg/sub-113_task-Sleep_acq-psg
sub-114_task-Sleep_acq-headband,sub-114,s3://openneuro.org/ds005555/sub-114/eeg/sub-114_task-Sleep_acq-headband
sub-114_task-Sleep_acq-psg,sub-114,s3://openneuro.org/ds005555/sub-114/eeg/sub-114_task-Sleep_acq-psg
sub-115_task-Sleep_acq-headband,sub-115,s3://openneuro.org/ds005555/sub-115/eeg/sub-115_task-Sleep_acq-headband
sub-115_task-Sleep_acq-psg,sub-115,s3://openneuro.org/ds005555/sub-115/eeg/sub-115_task-Sleep_acq-psg
sub-116_task-Sleep_acq-headband,sub-116,s3://openneuro.org/ds005555/sub-116/eeg/sub-116_task-Sleep_acq-headband
sub-116_task-Sleep_acq-psg,sub-116,s3://openneuro.org/ds005555/sub-116/eeg/sub-116_task-Sleep_acq-psg
sub-117_task-Sleep_acq-headband,sub-117,s3://openneuro.org/ds005555/sub-117/eeg/sub-117_task-Sleep_acq-headband
sub-117_task-Sleep_acq-psg,sub-117,s3://openneuro.org/ds005555/sub-117/eeg/sub-117_task-Sleep_acq-psg
sub-118_task-Sleep_acq-headband,sub-118,s3://openneuro.org/ds005555/sub-118/eeg/sub-118_task-Sleep_acq-headband
sub-118_task-Sleep_acq-psg,sub-118,s3://openneuro.org/ds005555/sub-118/eeg/sub-118_task-Sleep_acq-psg
sub-119_task-Sleep_acq-headband,sub-119,s3://openneuro.org/ds005555/sub-119/eeg/sub-119_task-Sleep_acq-headband
sub-119_task-Sleep_acq-psg,sub-119,s3://openneuro.org/ds005555/sub-119/eeg/sub-119_task-Sleep_acq-psg
sub-12_task-Sleep_acq-headband,sub-12,s3://openneuro.org/ds005555/sub-12/eeg/sub-12_task-Sleep_acq-headband
sub-12_task-Sleep_acq-psg,sub-12,s3://openneuro.org/ds005555/sub-12/eeg/sub-12_task-Sleep_acq-psg
sub-120_task-Sleep_acq-headband,sub-120,s3://openneuro.org/ds005555/sub-120/eeg/sub-120_task-Sleep_acq-headband
sub-120_task-Sleep_acq-psg,sub-120,s3://openneuro.org/ds005555/sub-120/eeg/sub-120_task-Sleep_acq-psg
sub-121_task-Sleep_acq-headband,sub-121,s3://openneuro.org/ds005555/sub-121/eeg/sub-121_task-Sleep_acq-headband
sub-121_task-Sleep_acq-psg,sub-121,s3://openneuro.org/ds005555/sub-121/eeg/sub-121_task-Sleep_acq-psg
sub-122_task-Sleep_acq-headband,sub-122,s3://openneuro.org/ds005555/sub-122/eeg/sub-122_task-Sleep_acq-headband
sub-122_task-Sleep_acq-psg,sub-122,s3://openneuro.org/ds005555/sub-122/eeg/sub-122_task-Sleep_acq-psg
sub-123_task-Sleep_acq-headband,sub-123,s3://openneuro.org/ds005555/sub-123/eeg/sub-123_task-Sleep_acq-headband
sub-123_task-Sleep_acq-psg,sub-123,s3://openneuro.org/ds005555/sub-123/eeg/sub-123_task-Sleep_acq-psg
sub-124_task-Sleep_acq-headband,sub-124,s3://openneuro.org/ds005555/sub-124/eeg/sub-124_task-Sleep_acq-headband
sub-124_task-Sleep_acq-psg,sub-124,s3://openneuro.org/ds005555/sub-124/eeg/sub-124_task-Sleep_acq-psg
sub-125_task-Sleep_acq-headband,sub-125,s3://openneuro.org/ds005555/sub-125/eeg/sub-125_task-Sleep_acq-headband
sub-125_task-Sleep_acq-psg,sub-125,s3://openneuro.org/ds005555/sub-125/eeg/sub-125_task-Sleep_acq-psg
sub-126_task-Sleep_acq-headband,sub-126,s3://openneuro.org/ds005555/sub-126/eeg/sub-126_task-Sleep_acq-headband
sub-126_task-Sleep_acq-psg,sub-126,s3://openneuro.org/ds005555/sub-126/eeg/sub-126_task-Sleep_acq-psg
sub-127_task-Sleep_acq-headband,sub-127,s3://openneuro.org/ds005555/sub-127/eeg/sub-127_task-Sleep_acq-headband
sub-127_task-Sleep_acq-psg,sub-127,s3://openneuro.org/ds005555/sub-127/eeg/sub-127_task-Sleep_acq-psg
sub-128_task-Sleep_acq-headband,sub-128,s3://openneuro.org/ds005555/sub-128/eeg/sub-128_task-Sleep_acq-headband
sub-128_task-Sleep_acq-psg,sub-128,s3://openneuro.org/ds005555/sub-128/eeg/sub-128_task-Sleep_acq-psg
sub-13_task-Sleep_acq-headband,sub-13,s3://openneuro.org/ds005555/sub-13/eeg/sub-13_task-Sleep_acq-headband
sub-13_task-Sleep_acq-psg,sub-13,s3://openneuro.org/ds005555/sub-13/eeg/sub-13_task-Sleep_acq-psg
sub-14_task-Sleep_acq-headband,sub-14,s3://openneuro.org/ds005555/sub-14/eeg/sub-14_task-Sleep_acq-headband
sub-14_task-Sleep_acq-psg,sub-14,s3://openneuro.org/ds005555/sub-14/eeg/sub-14_task-Sleep_acq-psg
sub-15_task-Sleep_acq-headband,sub-15,s3://openneuro.org/ds005555/sub-15/eeg/sub-15_task-Sleep_acq-headband
sub-15_task-Sleep_acq-psg,sub-15,s3://openneuro.org/ds005555/sub-15/eeg/sub-15_task-Sleep_acq-psg
sub-16_task-Sleep_acq-headband,sub-16,s3://openneuro.org/ds005555/sub-16/eeg/sub-16_task-Sleep_acq-headband
sub-16_task-Sleep_acq-psg,sub-16,s3://openneuro.org/ds005555/sub-16/eeg/sub-16_task-Sleep_acq-psg
sub-17_task-Sleep_acq-headband,sub-17,s3://openneuro.org/ds005555/sub-17/eeg/sub-17_task-Sleep_acq-headband
sub-17_task-Sleep_acq-psg,sub-17,s3://openneuro.org/ds005555/sub-17/eeg/sub-17_task-Sleep_acq-psg
sub-18_task-Sleep_acq-headband,sub-18,s3://openneuro.org/ds005555/sub-18/eeg/sub-18_task-Sleep_acq-headband
sub-18_task-Sleep_acq-psg,sub-18,s3://openneuro.org/ds005555/sub-18/eeg/sub-18_task-Sleep_acq-psg
sub-19_task-Sleep_acq-headband,sub-19,s3://openneuro.org/ds005555/sub-19/eeg/sub-19_task-Sleep_acq-headband
sub-19_task-Sleep_acq-psg,sub-19,s3://openneuro.org/ds005555/sub-19/eeg/sub-19_task-Sleep_acq-psg
sub-2_task-Sleep_acq-headband,sub-2,s3://openneuro.org/ds005555/sub-2/eeg/sub-2_task-Sleep_acq-headband
sub-2_task-Sleep_acq-psg,sub-2,s3://openneuro.org/ds005555/sub-2/eeg/sub-2_task-Sleep_acq-psg
sub-20_task-Sleep_acq-headband,sub-20,s3://openneuro.org/ds005555/sub-20/eeg/sub-20_task-Sleep_acq-headband
sub-20_task-Sleep_acq-psg,sub-20,s3://openneuro.org/ds005555/sub-20/eeg/sub-20_task-Sleep_acq-psg
sub-21_task-Sleep_acq-headband,sub-21,s3://openneuro.org/ds005555/sub-21/eeg/sub-21_task-Sleep_acq-headband
sub-21_task-Sleep_acq-psg,sub-21,s3://openneuro.org/ds005555/sub-21/eeg/sub-21_task-Sleep_acq-psg
sub-22_task-Sleep_acq-headband,sub-22,s3://openneuro.org/ds005555/sub-22/eeg/sub-22_task-Sleep_acq-headband
sub-22_task-Sleep_acq-psg,sub-22,s3://openneuro.org/ds005555/sub-22/eeg/sub-22_task-Sleep_acq-psg
sub-23_task-Sleep_acq-headband,sub-23,s3://openneuro.org/ds005555/sub-23/eeg/sub-23_task-Sleep_acq-headband
sub-23_task-Sleep_acq-psg,sub-23,s3://openneuro.org/ds005555/sub-23/eeg/sub-23_task-Sleep_acq-psg
sub-24_task-Sleep_acq-headband,sub-24,s3://openneuro.org/ds005555/sub-24/eeg/sub-24_task-Sleep_acq-headband
sub-24_task-Sleep_acq-psg,sub-24,s3://openneuro.org/ds005555/sub-24/eeg/sub-24_task-Sleep_acq-psg
sub-25_task-Sleep_acq-headband,sub-25,s3://openneuro.org/ds005555/sub-25/eeg/sub-25_task-Sleep_acq-headband
sub-25_task-Sleep_acq-psg,sub-25,s3://openneuro.org/ds005555/sub-25/eeg/sub-25_task-Sleep_acq-psg
sub-26_task-Sleep_acq-headband,sub-26,s3://openneuro.org/ds005555/sub-26/eeg/sub-26_task-Sleep_acq-headband
sub-26_task-Sleep_acq-psg,sub-26,s3://openneuro.org/ds005555/sub-26/eeg/sub-26_task-Sleep_acq-psg
sub-27_task-Sleep_acq-headband,sub-27,s3://openneuro.org/ds005555/sub-27/eeg/sub-27_task-Sleep_acq-headband
sub-27_task-Sleep_acq-psg,sub-27,s3://openneuro.org/ds005555/sub-27/eeg/sub-27_task-Sleep_acq-psg
sub-28_task-Sleep_acq-headband,sub-28,s3://openneuro.org/ds005555/sub-28/eeg/sub-28_task-Sleep_acq-headband
sub-28_task-Sleep_acq-psg,sub-28,s3://openneuro.org/ds005555/sub-28/eeg/sub-28_task-Sleep_acq-psg
sub-29_task-Sleep_acq-headband,sub-29,s3://openneuro.org/ds005555/sub-29/eeg/sub-29_task-Sleep_acq-headband
sub-29_task-Sleep_acq-psg,sub-29,s3://openneuro.org/ds005555/sub-29/eeg/sub-29_task-Sleep_acq-psg
sub-3_task-Sleep_acq-headband,sub-3,s3://openneuro.org/ds005555/sub-3/eeg/sub-3_task-Sleep_acq-headband
sub-3_task-Sleep_acq-psg,sub-3,s3://openneuro.org/ds005555/sub-3/eeg/sub-3_task-Sleep_acq-psg
sub-30_task-Sleep_acq-headband,sub-30,s3://openneuro.org/ds005555/sub-30/eeg/sub-30_task-Sleep_acq-headband
sub-30_task-Sleep_acq-psg,sub-30,s3://openneuro.org/ds005555/sub-30/eeg/sub-30_task-Sleep_acq-psg
sub-31_task-Sleep_acq-headband,sub-31,s3://openneuro.org/ds005555/sub-31/eeg/sub-31_task-Sleep_acq-headband
sub-31_task-Sleep_acq-psg,sub-31,s3://openneuro.org/ds005555/sub-31/eeg/sub-31_task-Sleep_acq-psg
sub-32_task-Sleep_acq-headband,sub-32,s3://openneuro.org/ds005555/sub-32/eeg/sub-32_task-Sleep_acq-headband
sub-32_task-Sleep_acq-psg,sub-32,s3://openneuro.org/ds005555/sub-32/eeg/sub-32_task-Sleep_acq-psg
sub-33_task-Sleep_acq-headband,sub-33,s3://openneuro.org/ds005555/sub-33/eeg/sub-33_task-Sleep_acq-headband
sub-33_task-Sleep_acq-psg,sub-33,s3://openneuro.org/ds005555/sub-33/eeg/sub-33_task-Sleep_acq-psg
sub-34_task-Sleep_acq-headband,sub-34,s3://openneuro.org/ds005555/sub-34/eeg/sub-34_task-Sleep_acq-headband
sub-34_task-Sleep_acq-psg,sub-34,s3://openneuro.org/ds005555/sub-34/eeg/sub-34_task-Sleep_acq-psg
sub-35_task-Sleep_acq-headband,sub-35,s3://openneuro.org/ds005555/sub-35/eeg/sub-35_task-Sleep_acq-headband
sub-35_task-Sleep_acq-psg,sub-35,s3://openneuro.org/ds005555/sub-35/eeg/sub-35_task-Sleep_acq-psg
sub-36_task-Sleep_acq-headband,sub-36,s3://openneuro.org/ds005555/sub-36/eeg/sub-36_task-Sleep_acq-headband
sub-36_task-Sleep_acq-psg,sub-36,s3://openneuro.org/ds005555/sub-36/eeg/sub-36_task-Sleep_acq-psg
sub-37_task-Sleep_acq-headband,sub-37,s3://openneuro.org/ds005555/sub-37/eeg/sub-37_task-Sleep_acq-headband
sub-37_task-Sleep_acq-psg,sub-37,s3://openneuro.org/ds005555/sub-37/eeg/sub-37_task-Sleep_acq-psg
sub-38_task-Sleep_acq-headband,sub-38,s3://openneuro.org/ds005555/sub-38/eeg/sub-38_task-Sleep_acq-headband
sub-38_task-Sleep_acq-psg,sub-38,s3://openneuro.org/ds005555/sub-38/eeg/sub-38_task-Sleep_acq-psg
sub-39_task-Sleep_acq-headband,sub-39,s3://openneuro.org/ds005555/sub-39/eeg/sub-39_task-Sleep_acq-headband
sub-39_task-Sleep_acq-psg,sub-39,s3://openneuro.org/ds005555/sub-39/eeg/sub-39_task-Sleep_acq-psg
sub-4_task-Sleep_acq-headband,sub-4,s3://openneuro.org/ds005555/sub-4/eeg/sub-4_task-Sleep_acq-headband
sub-4_task-Sleep_acq-psg,sub-4,s3://openneuro.org/ds005555/sub-4/eeg/sub-4_task-Sleep_acq-psg
sub-40_task-Sleep_acq-headband,sub-40,s3://openneuro.org/ds005555/sub-40/eeg/sub-40_task-Sleep_acq-headband
sub-40_task-Sleep_acq-psg,sub-40,s3://openneuro.org/ds005555/sub-40/eeg/sub-40_task-Sleep_acq-psg
sub-41_task-Sleep_acq-headband,sub-41,s3://openneuro.org/ds005555/sub-41/eeg/sub-41_task-Sleep_acq-headband
sub-41_task-Sleep_acq-psg,sub-41,s3://openneuro.org/ds005555/sub-41/eeg/sub-41_task-Sleep_acq-psg
sub-42_task-Sleep_acq-headband,sub-42,s3://openneuro.org/ds005555/sub-42/eeg/sub-42_task-Sleep_acq-headband
sub-42_task-Sleep_acq-psg,sub-42,s3://openneuro.org/ds005555/sub-42/eeg/sub-42_task-Sleep_acq-psg
sub-43_task-Sleep_acq-headband,sub-43,s3://openneuro.org/ds005555/sub-43/eeg/sub-43_task-Sleep_acq-headband
sub-43_task-Sleep_acq-psg,sub-43,s3://openneuro.org/ds005555/sub-43/eeg/sub-43_task-Sleep_acq-psg
sub-44_task-Sleep_acq-headband,sub-44,s3://openneuro.org/ds005555/sub-44/eeg/sub-44_task-Sleep_acq-headband
sub-44_task-Sleep_acq-psg,sub-44,s3://openneuro.org/ds005555/sub-44/eeg/sub-44_task-Sleep_acq-psg
sub-45_task-Sleep_acq-headband,sub-45,s3://openneuro.org/ds005555/sub-45/eeg/sub-45_task-Sleep_acq-headband
sub-45_task-Sleep_acq-psg,sub-45,s3://openneuro.org/ds005555/sub-45/eeg/sub-45_task-Sleep_acq-psg
sub-46_task-Sleep_acq-headband,sub-46,s3://openneuro.org/ds005555/sub-46/eeg/sub-46_task-Sleep_acq-headband
sub-46_task-Sleep_acq-psg,sub-46,s3://openneuro.org/ds005555/sub-46/eeg/sub-46_task-Sleep_acq-psg
sub-47_task-Sleep_acq-headband,sub-47,s3://openneuro.org/ds005555/sub-47/eeg/sub-47_task-Sleep_acq-headband
sub-47_task-Sleep_acq-psg,sub-47,s3://openneuro.org/ds005555/sub-47/eeg/sub-47_task-Sleep_acq-psg
sub-48_task-Sleep_acq-headband,sub-48,s3://openneuro.org/ds005555/sub-48/eeg/sub-48_task-Sleep_acq-headband
sub-48_task-Sleep_acq-psg,sub-48,s3://openneuro.org/ds005555/sub-48/eeg/sub-48_task-Sleep_acq-psg
sub-49_task-Sleep_acq-headband,sub-49,s3://openneuro.org/ds005555/sub-49/eeg/sub-49_task-Sleep_acq-headband
sub-49_task-Sleep_acq-psg,sub-49,s3://openneuro.org/ds005555/sub-49/eeg/sub-49_task-Sleep_acq-psg
sub-5_task-Sleep_acq-headband,sub-5,s3://openneuro.org/ds005555/sub-5/eeg/sub-5_task-Sleep_acq-headband
sub-5_task-Sleep_acq-psg,sub-5,s3://openneuro.org/ds005555/sub-5/eeg/sub-5_task-Sleep_acq-psg
sub-50_task-Sleep_acq-headband,sub-50,s3://openneuro.org/ds005555/sub-50/eeg/sub-50_task-Sleep_acq-headband
sub-50_task-Sleep_acq-psg,sub-50,s3://openneuro.org/ds005555/sub-50/eeg/sub-50_task-Sleep_acq-psg
sub-51_task-Sleep_acq-headband,sub-51,s3://openneuro.org/ds005555/sub-51/eeg/sub-51_task-Sleep_acq-headband
sub-51_task-Sleep_acq-psg,sub-51,s3://openneuro.org/ds005555/sub-51/eeg/sub-51_task-Sleep_acq-psg
sub-52_task-Sleep_acq-headband,sub-52,s3://openneuro.org/ds005555/sub-52/eeg/sub-52_task-Sleep_acq-headband
sub-52_task-Sleep_acq-psg,sub-52,s3://openneuro.org/ds005555/sub-52/eeg/sub-52_task-Sleep_acq-psg
sub-53_task-Sleep_acq-headband,sub-53,s3://openneuro.org/ds005555/sub-53/eeg/sub-53_task-Sleep_acq-headband
sub-53_task-Sleep_acq-psg,sub-53,s3://openneuro.org/ds005555/sub-53/eeg/sub-53_task-Sleep_acq-psg
sub-54_task-Sleep_acq-headband,sub-54,s3://openneuro.org/ds005555/sub-54/eeg/sub-54_task-Sleep_acq-headband
sub-54_task-Sleep_acq-psg,sub-54,s3://openneuro.org/ds005555/sub-54/eeg/sub-54_task-Sleep_acq-psg
sub-55_task-Sleep_acq-headband,sub-55,s3://openneuro.org/ds005555/sub-55/eeg/sub-55_task-Sleep_acq-headband
sub-55_task-Sleep_acq-psg,sub-55,s3://openneuro.org/ds005555/sub-55/eeg/sub-55_task-Sleep_acq-psg
sub-56_task-Sleep_acq-headband,sub-56,s3://openneuro.org/ds005555/sub-56/eeg/sub-56_task-Sleep_acq-headband
sub-56_task-Sleep_acq-psg,sub-56,s3://openneuro.org/ds005555/sub-56/eeg/sub-56_task-Sleep_acq-psg
sub-57_task-Sleep_acq-headband,sub-57,s3://openneuro.org/ds005555/sub-57/eeg/sub-57_task-Sleep_acq-headband
sub-57_task-Sleep_acq-psg,sub-57,s3://openneuro.org/ds005555/sub-57/eeg/sub-57_task-Sleep_acq-psg
sub-58_task-Sleep_acq-headband,sub-58,s3://openneuro.org/ds005555/sub-58/eeg/sub-58_task-Sleep_acq-headband
sub-58_task-Sleep_acq-psg,sub-58,s3://openneuro.org/ds005555/sub-58/eeg/sub-58_task-Sleep_acq-psg
sub-59_task-Sleep_acq-headband,sub-59,s3://openneuro.org/ds005555/sub-59/eeg/sub-59_task-Sleep_acq-headband
sub-59_task-Sleep_acq-psg,sub-59,s3://openneuro.org/ds005555/sub-59/eeg/sub-59_task-Sleep_acq-psg
sub-6_task-Sleep_acq-headband,sub-6,s3://openneuro.org/ds005555/sub-6/eeg/sub-6_task-Sleep_acq-headband
sub-6_task-Sleep_acq-psg,sub-6,s3://openneuro.org/ds005555/sub-6/eeg/sub-6_task-Sleep_acq-psg
sub-60_task-Sleep_acq-headband,sub-60,s3://openneuro.org/ds005555/sub-60/eeg/sub-60_task-Sleep_acq-headband
sub-60_task-Sleep_acq-psg,sub-60,s3://openneuro.org/ds005555/sub-60/eeg/sub-60_task-Sleep_acq-psg
sub-61_task-Sleep_acq-headband,sub-61,s3://openneuro.org/ds005555/sub-61/eeg/sub-61_task-Sleep_acq-headband
sub-61_task-Sleep_acq-psg,sub-61,s3://openneuro.org/ds005555/sub-61/eeg/sub-61_task-Sleep_acq-psg
sub-62_task-Sleep_acq-headband,sub-62,s3://openneuro.org/ds005555/sub-62/eeg/sub-62_task-Sleep_acq-headband
sub-62_task-Sleep_acq-psg,sub-62,s3://openneuro.org/ds005555/sub-62/eeg/sub-62_task-Sleep_acq-psg
sub-63_task-Sleep_acq-headband,sub-63,s3://openneuro.org/ds005555/sub-63/eeg/sub-63_task-Sleep_acq-headband
sub-63_task-Sleep_acq-psg,sub-63,s3://openneuro.org/ds005555/sub-63/eeg/sub-63_task-Sleep_acq-psg
sub-64_task-Sleep_acq-headband,sub-64,s3://openneuro.org/ds005555/sub-64/eeg/sub-64_task-Sleep_acq-headband
sub-64_task-Sleep_acq-psg,sub-64,s3://openneuro.org/ds005555/sub-64/eeg/sub-64_task-Sleep_acq-psg
sub-65_task-Sleep_acq-headband,sub-65,s3://openneuro.org/ds005555/sub-65/eeg/sub-65_task-Sleep_acq-headband
sub-65_task-Sleep_acq-psg,sub-65,s3://openneuro.org/ds005555/sub-65/eeg/sub-65_task-Sleep_acq-psg
sub-66_task-Sleep_acq-headband,sub-66,s3://openneuro.org/ds005555/sub-66/eeg/sub-66_task-Sleep_acq-headband
sub-66_task-Sleep_acq-psg,sub-66,s3://openneuro.org/ds005555/sub-66/eeg/sub-66_task-Sleep_acq-psg
sub-67_task-Sleep_acq-headband,sub-67,s3://openneuro.org/ds005555/sub-67/eeg/sub-67_task-Sleep_acq-headband
sub-67_task-Sleep_acq-psg,sub-67,s3://openneuro.org/ds005555/sub-67/eeg/sub-67_task-Sleep_acq-psg
sub-68_task-Sleep_acq-headband,sub-68,s3://openneuro.org/ds005555/sub-68/eeg/sub-68_task-Sleep_acq-headband
sub-68_task-Sleep_acq-psg,sub-68,s3://openneuro.org/ds005555/sub-68/eeg/sub-68_task-Sleep_acq-psg
sub-69_task-Sleep_acq-headband,sub-69,s3://openneuro.org/ds005555/sub-69/eeg/sub-69_task-Sleep_acq-headband
sub-69_task-Sleep_acq-psg,sub-69,s3://openneuro.org/ds005555/sub-69/eeg/sub-69_task-Sleep_acq-psg
sub-7_task-Sleep_acq-headband,sub-7,s3://openneuro.org/ds005555/sub-7/eeg/sub-7_task-Sleep_acq-headband
sub-7_task-Sleep_acq-psg,sub-7,s3://openneuro.org/ds005555/sub-7/eeg/sub-7_task-Sleep_acq-psg
sub-70_task-Sleep_acq-headband,sub-70,s3://openneuro.org/ds005555/sub-70/eeg/sub-70_task-Sleep_acq-headband
sub-70_task-Sleep_acq-psg,sub-70,s3://openneuro.org/ds005555/sub-70/eeg/sub-70_task-Sleep_acq-psg
sub-71_task-Sleep_acq-headband,sub-71,s3://openneuro.org/ds005555/sub-71/eeg/sub-71_task-Sleep_acq-headband
sub-71_task-Sleep_acq-psg,sub-71,s3://openneuro.org/ds005555/sub-71/eeg/sub-71_task-Sleep_acq-psg
sub-72_task-Sleep_acq-headband,sub-72,s3://openneuro.org/ds005555/sub-72/eeg/sub-72_task-Sleep_acq-headband
sub-72_task-Sleep_acq-psg,sub-72,s3://openneuro.org/ds005555/sub-72/eeg/sub-72_task-Sleep_acq-psg
sub-73_task-Sleep_acq-headband,sub-73,s3://openneuro.org/ds005555/sub-73/eeg/sub-73_task-Sleep_acq-headband
sub-73_task-Sleep_acq-psg,sub-73,s3://openneuro.org/ds005555/sub-73/eeg/sub-73_task-Sleep_acq-psg
sub-74_task-Sleep_acq-headband,sub-74,s3://openneuro.org/ds005555/sub-74/eeg/sub-74_task-Sleep_acq-headband
sub-74_task-Sleep_acq-psg,sub-74,s3://openneuro.org/ds005555/sub-74/eeg/sub-74_task-Sleep_acq-psg
sub-75_task-Sleep_acq-headband,sub-75,s3://openneuro.org/ds005555/sub-75/eeg/sub-75_task-Sleep_acq-headband
sub-75_task-Sleep_acq-psg,sub-75,s3://openneuro.org/ds005555/sub-75/eeg/sub-75_task-Sleep_acq-psg
sub-76_task-Sleep_acq-headband,sub-76,s3://openneuro.org/ds005555/sub-76/eeg/sub-76_task-Sleep_acq-headband
sub-76_task-Sleep_acq-psg,sub-76,s3://openneuro.org/ds005555/sub-76/eeg/sub-76_task-Sleep_acq-psg
sub-77_task-Sleep_acq-headband,sub-77,s3://openneuro.org/ds005555/sub-77/eeg/sub-77_task-Sleep_acq-headband
sub-77_task-Sleep_acq-psg,sub-77,s3://openneuro.org/ds005555/sub-77/eeg/sub-77_task-Sleep_acq-psg
sub-78_task-Sleep_acq-headband,sub-78,s3://openneuro.org/ds005555/sub-78/eeg/sub-78_task-Sleep_acq-headband
sub-78_task-Sleep_acq-psg,sub-78,s3://openneuro.org/ds005555/sub-78/eeg/sub-78_task-Sleep_acq-psg
sub-79_task-Sleep_acq-headband,sub-79,s3://openneuro.org/ds005555/sub-79/eeg/sub-79_task-Sleep_acq-headband
sub-79_task-Sleep_acq-psg,sub-79,s3://openneuro.org/ds005555/sub-79/eeg/sub-79_task-Sleep_acq-psg
sub-8_task-Sleep_acq-headband,sub-8,s3://openneuro.org/ds005555/sub-8/eeg/sub-8_task-Sleep_acq-headband
sub-8_task-Sleep_acq-psg,sub-8,s3://openneuro.org/ds005555/sub-8/eeg/sub-8_task-Sleep_acq-psg
sub-80_task-Sleep_acq-headband,sub-80,s3://openneuro.org/ds005555/sub-80/eeg/sub-80_task-Sleep_acq-headband
sub-80_task-Sleep_acq-psg,sub-80,s3://openneuro.org/ds005555/sub-80/eeg/sub-80_task-Sleep_acq-psg
sub-81_task-Sleep_acq-headband,sub-81,s3://openneuro.org/ds005555/sub-81/eeg/sub-81_task-Sleep_acq-headband
sub-81_task-Sleep_acq-psg,sub-81,s3://openneuro.org/ds005555/sub-81/eeg/sub-81_task-Sleep_acq-psg
sub-82_task-Sleep_acq-headband,sub-82,s3://openneuro.org/ds005555/sub-82/eeg/sub-82_task-Sleep_acq-headband
sub-82_task-Sleep_acq-psg,sub-82,s3://openneuro.org/ds005555/sub-82/eeg/sub-82_task-Sleep_acq-psg
sub-83_task-Sleep_acq-headband,sub-83,s3://openneuro.org/ds005555/sub-83/eeg/sub-83_task-Sleep_acq-headband
sub-83_task-Sleep_acq-psg,sub-83,s3://openneuro.org/ds005555/sub-83/eeg/sub-83_task-Sleep_acq-psg
sub-84_task-Sleep_acq-headband,sub-84,s3://openneuro.org/ds005555/sub-84/eeg/sub-84_task-Sleep_acq-headband
sub-84_task-Sleep_acq-psg,sub-84,s3://openneuro.org/ds005555/sub-84/eeg/sub-84_task-Sleep_acq-psg
sub-85_task-Sleep_acq-headband,sub-85,s3://openneuro.org/ds005555/sub-85/eeg/sub-85_task-Sleep_acq-headband
sub-85_task-Sleep_acq-psg,sub-85,s3://openneuro.org/ds005555/sub-85/eeg/sub-85_task-Sleep_acq-psg
sub-86_task-Sleep_acq-headband,sub-86,s3://openneuro.org/ds005555/sub-86/eeg/sub-86_task-Sleep_acq-headband
sub-86_task-Sleep_acq-psg,sub-86,s3://openneuro.org/ds005555/sub-86/eeg/sub-86_task-Sleep_acq-psg
sub-87_task-Sleep_acq-headband,sub-87,s3://openneuro.org/ds005555/sub-87/eeg/sub-87_task-Sleep_acq-headband
sub-87_task-Sleep_acq-psg,sub-87,s3://openneuro.org/ds005555/sub-87/eeg/sub-87_task-Sleep_acq-psg
sub-88_task-Sleep_acq-headband,sub-88,s3://openneuro.org/ds005555/sub-88/eeg/sub-88_task-Sleep_acq-headband
sub-88_task-Sleep_acq-psg,sub-88,s3://openneuro.org/ds005555/sub-88/eeg/sub-88_task-Sleep_acq-psg
sub-89_task-Sleep_acq-headband,sub-89,s3://openneuro.org/ds005555/sub-89/eeg/sub-89_task-Sleep_acq-headband
sub-89_task-Sleep_acq-psg,sub-89,s3://openneuro.org/ds005555/sub-89/eeg/sub-89_task-Sleep_acq-psg
sub-9_task-Sleep_acq-headband,sub-9,s3://openneuro.org/ds005555/sub-9/eeg/sub-9_task-Sleep_acq-headband
sub-9_task-Sleep_acq-psg,sub-9,s3://openneuro.org/ds005555/sub-9/eeg/sub-9_task-Sleep_acq-psg
sub-90_task-Sleep_acq-headband,sub-90,s3://openneuro.org/ds005555/sub-90/eeg/sub-90_task-Sleep_acq-headband
sub-90_task-Sleep_acq-psg,sub-90,s3://openneuro.org/ds005555/sub-90/eeg/sub-90_task-Sleep_acq-psg
sub-91_task-Sleep_acq-headband,sub-91,s3://openneuro.org/ds005555/sub-91/eeg/sub-91_task-Sleep_acq-headband
sub-91_task-Sleep_acq-psg,sub-91,s3://openneuro.org/ds005555/sub-91/eeg/sub-91_task-Sleep_acq-psg
sub-92_task-Sleep_acq-headband,sub-92,s3://openneuro.org/ds005555/sub-92/eeg/sub-92_task-Sleep_acq-headband
sub-92_task-Sleep_acq-psg,sub-92,s3://openneuro.org/ds005555/sub-92/eeg/sub-92_task-Sleep_acq-psg
sub-93_task-Sleep_acq-headband,sub-93,s3://openneuro.org/ds005555/sub-93/eeg/sub-93_task-Sleep_acq-headband
sub-93_task-Sleep_acq-psg,sub-93,s3://openneuro.org/ds005555/sub-93/eeg/sub-93_task-Sleep_acq-psg
sub-94_task-Sleep_acq-headband,sub-94,s3://openneuro.org/ds005555/sub-94/eeg/sub-94_task-Sleep_acq-headband
sub-94_task-Sleep_acq-psg,sub-94,s3://openneuro.org/ds005555/sub-94/eeg/sub-94_task-Sleep_acq-psg
sub-95_task-Sleep_acq-headband,sub-95,s3://openneuro.org/ds005555/sub-95/eeg/sub-95_task-Sleep_acq-headband
sub-95_task-Sleep_acq-psg,sub-95,s3://openneuro.org/ds005555/sub-95/eeg/sub-95_task-Sleep_acq-psg
sub-96_task-Sleep_acq-headband,sub-96,s3://openneuro.org/ds005555/sub-96/eeg/sub-96_task-Sleep_acq-headband
sub-96_task-Sleep_acq-psg,sub-96,s3://openneuro.org/ds005555/sub-96/eeg/sub-96_task-Sleep_acq-psg
sub-97_task-Sleep_acq-headband,sub-97,s3://openneuro.org/ds005555/sub-97/eeg/sub-97_task-Sleep_acq-headband
sub-97_task-Sleep_acq-psg,sub-97,s3://openneuro.org/ds005555/sub-97/eeg/sub-97_task-Sleep_acq-psg
sub-98_task-Sleep_acq-headband,sub-98,s3://openneuro.org/ds005555/sub-98/eeg/sub-98_task-Sleep_acq-headband
sub-98_task-Sleep_acq-psg,sub-98,s3://openneuro.org/ds005555/sub-98/eeg/sub-98_task-Sleep_acq-psg
sub-99_task-Sleep_acq-headband,sub-99,s3://openneuro.org/ds005555/sub-99/eeg/sub-99_task-Sleep_acq-headband
sub-99_task-Sleep_acq-psg,sub-99,s3://openneuro.org/ds005555/sub-99/eeg/sub-99_task-Sleep_acq-psg
